date,symbol,scrip_name,client_name,buy_sell,qty,price,deal_type
2025-08-05,AGUL,A G Universal Limited,AUM SECURITIES PVT. LTD.,SELL,64000,59.73,bulk
2025-08-05,AGUL,A G Universal Limited,LIMITED SHIVJI FINANCE & INVESTMENTS PRIVATE,BUY,38000,59.8,bulk
2025-08-05,AMBICAAGAR,Ambica Agarbathies & Arom,IRAGE BROKING SERVICES LLP,BUY,205820,29.22,bulk
2025-08-05,AMBICAAGAR,Ambica Agarbathies & Arom,IRAGE BROKING SERVICES LLP,SELL,266377,29.11,bulk
2025-08-05,AMBICAAGAR,Ambica Agarbathies & Arom,RIMPY MITTAL,SELL,619866,29.3,bulk
2025-08-05,AMBICAAGAR,Ambica Agarbathies & Arom,RIMPY MITTAL,BUY,619866,29.5,bulk
2025-08-05,AROGRANITE,Aro Granite Industries Li,RIMPY MITTAL,SELL,40211,37.95,bulk
2025-08-05,AROGRANITE,Aro Granite Industries Li,RIMPY MITTAL,BUY,99321,37.5,bulk
2025-08-05,BRNL,Bharat Road Network Ltd,VISTAR FINANCIERS PRIVATE LIMITED,SELL,437478,19.69,bulk
2025-08-05,CPPLUS,Aditya Infotech Limited,INVESCO MUTUAL FUND,BUY,984716,1023.57,bulk
2025-08-05,GATECH,GACM Technologies Limited,VENKATA TIRUPATI RAO JONNA,BUY,100000,0.56,bulk
2025-08-05,GATECH,GACM Technologies Limited,VENKATA TIRUPATI RAO JONNA,SELL,5600000,0.55,bulk
2025-08-05,GATECHDVR,GACM Technologies Limited,VENKATA TIRUPATI RAO JONNA,SELL,6472168,0.47,bulk
2025-08-05,JAYNECOIND,Jayaswal Neco Industr Ltd,GRAVITON RESEARCH CAPITAL LLP,BUY,7980613,54.15,bulk
2025-08-05,JAYNECOIND,Jayaswal Neco Industr Ltd,GRAVITON RESEARCH CAPITAL LLP,SELL,7980613,54.17,bulk
2025-08-05,JAYNECOIND,Jayaswal Neco Industr Ltd,HRTI PRIVATE LIMITED,SELL,9470034,54.31,bulk
2025-08-05,JAYNECOIND,Jayaswal Neco Industr Ltd,HRTI PRIVATE LIMITED,BUY,10214630,54.33,bulk
2025-08-05,JAYNECOIND,Jayaswal Neco Industr Ltd,MATHISYS ADVISORS LLP,SELL,6070635,54.3,bulk
2025-08-05,JAYNECOIND,Jayaswal Neco Industr Ltd,MATHISYS ADVISORS LLP,BUY,6086256,54.3,bulk
2025-08-05,JAYNECOIND,Jayaswal Neco Industr Ltd,QE SECURITIES LLP,SELL,6039489,54.29,bulk
2025-08-05,JAYNECOIND,Jayaswal Neco Industr Ltd,QE SECURITIES LLP,BUY,6108750,54.24,bulk
2025-08-05,KAYTEX,Kaytex Fabrics Limited,LEADING LIGHT FUND VCC - THE VINTAGE,SELL,88800,151.14,bulk
2025-08-05,KAYTEX,Kaytex Fabrics Limited,MALANI WEALTH ADVISORS PRIVATE LIMITED,BUY,104000,144.0,bulk
2025-08-05,KAYTEX,Kaytex Fabrics Limited,MANSI SHARE AND STOCK BROKING PRIVATE LIMITED,BUY,132000,141.17,bulk
2025-08-05,KAYTEX,Kaytex Fabrics Limited,NEO APEX VENTURE LLP,BUY,86400,136.84,bulk
2025-08-05,LAXMIINDIA,Laxmi India Finance Ltd,BOFA SECURITIES EUROPE SA,SELL,354508,141.12,bulk
2025-08-05,LAXMIINDIA,Laxmi India Finance Ltd,GRT STRATEGIC VENTURES LLP,SELL,282848,140.34,bulk
2025-08-05,LAXMIINDIA,Laxmi India Finance Ltd,GRT STRATEGIC VENTURES LLP,BUY,282848,140.26,bulk
2025-08-05,LLOYDSENGG,LLOYDS ENGG WORK LIMITED,LLOYDS ENTERPRISES LIMITED,SELL,1420000,70.5,block
2025-08-05,LLOYDSENGG,LLOYDS ENGG WORK LIMITED,THRIVENI EARTHMOVERS PRIVATE LIMITED,BUY,1420000,70.5,block
2025-08-05,MASTER,Master Components Limited,MITTAL ANALYTICS PRIVATE LIMITED,BUY,20000,355.05,bulk
2025-08-05,MASTER,Master Components Limited,MUDDURAJ CHANDRASHEKHAR KULKARNI HUF,SELL,50000,352.22,bulk
2025-08-05,MASTER,Master Components Limited,SAFIR ANAND,BUY,20000,350.0,bulk
2025-08-05,MASTER,Master Components Limited,SHRIKANT HANMANT JOSHI HUF,SELL,50000,352.22,bulk
2025-08-05,MASTERTR,Master Trust Limited,SYLPH TECHNOLOGIES LIMITED,SELL,1270306,163.24,bulk
2025-08-05,MASTERTR,Master Trust Limited,SYLPH TECHNOLOGIES LIMITED,BUY,1282334,163.16,bulk
2025-08-05,MOKSH,Moksh Ornaments Limited,VINCENT COMMERCIAL COMPANY LIMITED,SELL,520987,13.65,bulk
2025-08-05,MVKAGRO,M.V.K. Agro Food Prod Ltd,INDO THAI SECURITIES LTD,BUY,312000,250.07,bulk
2025-08-05,MVKAGRO,M.V.K. Agro Food Prod Ltd,KALPALABDHI SECURITIES PRIVATE LIMITED,SELL,106800,250.2,bulk
2025-08-05,MVKAGRO,M.V.K. Agro Food Prod Ltd,MULTIPLIER SHARE & STOCK ADVISORS PRIVATE LIMITED,SELL,80400,250.1,bulk
2025-08-05,MVKAGRO,M.V.K. Agro Food Prod Ltd,NEO APEX SHARE BROKING SERVICES LLP,BUY,78000,250.1,bulk
2025-08-05,MVKAGRO,M.V.K. Agro Food Prod Ltd,NEO APEX VENTURE LLP,SELL,398400,250.08,bulk
2025-08-05,NEWGEN,Newgen Software Tech Ltd,GRAVITON RESEARCH CAPITAL LLP,BUY,914530,915.71,bulk
2025-08-05,NEWGEN,Newgen Software Tech Ltd,GRAVITON RESEARCH CAPITAL LLP,SELL,914530,916.39,bulk
2025-08-05,NEWGEN,Newgen Software Tech Ltd,NK SECURITIES RESEARCH PRIVATE LIMITED,BUY,787389,928.8,bulk
2025-08-05,NEWGEN,Newgen Software Tech Ltd,NK SECURITIES RESEARCH PRIVATE LIMITED,SELL,787389,929.28,bulk
2025-08-05,ORTINGLOBE,ORTIN GLOBAL LIMITED,PRABHA RAMESHKUMAR GUPTA,SELL,50000,17.19,bulk
2025-08-05,ORTINGLOBE,ORTIN GLOBAL LIMITED,SHIVAM OMAR,BUY,39490,16.77,bulk
2025-08-05,ORTINGLOBE,ORTIN GLOBAL LIMITED,SHIVAM OMAR,SELL,41065,17.04,bulk
2025-08-05,ORTINGLOBE,ORTIN GLOBAL LIMITED,SURESH GADALAY,BUY,91800,17.1,bulk
2025-08-05,PRAKASH,Prakash Industries Ltd.,GRAVITON RESEARCH CAPITAL LLP,BUY,1113909,185.5,bulk
2025-08-05,PRAKASH,Prakash Industries Ltd.,GRAVITON RESEARCH CAPITAL LLP,SELL,1113909,185.62,bulk
2025-08-05,PROFX,Pro FX Tech Limited,NISHANT JAIN,BUY,96000,123.88,bulk
2025-08-05,TANLA,Tanla Platforms Limited,GRAVITON RESEARCH CAPITAL LLP,BUY,823232,662.56,bulk
2025-08-05,TANLA,Tanla Platforms Limited,GRAVITON RESEARCH CAPITAL LLP,SELL,823232,662.99,bulk
2025-08-05,VIMTALABS,Vimta Labs Limited,HRTI PRIVATE LIMITED,BUY,280886,664.14,bulk
2025-08-05,VIMTALABS,Vimta Labs Limited,HRTI PRIVATE LIMITED,SELL,302727,664.09,bulk
2025-08-05,ZUARI,Zuari Agro Chemicals Ltd,AAKRAYA RESEARCH LLP,BUY,264050,348.57,bulk
2025-08-05,ZUARI,Zuari Agro Chemicals Ltd,AAKRAYA RESEARCH LLP,SELL,264050,348.93,bulk
2025-08-05,ZUARI,Zuari Agro Chemicals Ltd,HRTI PRIVATE LIMITED,BUY,352304,347.83,bulk
2025-08-05,ZUARI,Zuari Agro Chemicals Ltd,HRTI PRIVATE LIMITED,SELL,398782,348.55,bulk
2025-08-06,ADANIENSOL,Adani Energy Solution Ltd,ENVESTCOM HOLDING RSC LTD,SELL,11000000,790.0,bulk
2025-08-06,ARKADE,Arkade Developers Limited,JAINAM BROKING LIMITED,SELL,45468,182.3,bulk
2025-08-06,ARKADE,Arkade Developers Limited,JAINAM BROKING LIMITED,BUY,998531,179.82,bulk
2025-08-06,AROGRANITE,Aro Granite Industries Li,RIMPY MITTAL,SELL,68869,40.65,bulk
2025-08-06,AROGRANITE,Aro Granite Industries Li,RIMPY MITTAL,BUY,110567,40.33,bulk
2025-08-06,BLACKBUCK,Zinka Logistics Sol Ltd,GRAVITON RESEARCH CAPITAL LLP,BUY,1079386,544.07,bulk
2025-08-06,BLACKBUCK,Zinka Logistics Sol Ltd,GRAVITON RESEARCH CAPITAL LLP,SELL,1079386,544.73,bulk
2025-08-06,GATECH,GACM Technologies Limited,VENKATA TIRUPATI RAO JONNA,SELL,8000000,0.53,bulk
2025-08-06,GATECHDVR,GACM Technologies Limited,VENKATA TIRUPATI RAO JONNA,SELL,4277881,0.44,bulk
2025-08-06,GVPTECH,GVP Infotech Limited,LINKSTAR TRUST,SELL,2450000,9.52,bulk
2025-08-06,HEADSUP,Heads UP Ventures Limited,NILESH DHAKAD HUF .,BUY,113567,11.08,bulk
2025-08-11,HOMEFIRST,Home First Fin Co Ind Ltd,BANDHAN MUTUAL FUND,BUY,88000,1190.5,block
2025-08-11,HOMEFIRST,Home First Fin Co Ind Ltd,CITIGROUP GLOBAL MARKETS MAURITIUS PRIVATE LTD,BUY,88000,1190.5,block
2025-08-11,HOMEFIRST,Home First Fin Co Ind Ltd,DENDANA INVESTMENTS MAURITIUS LIMITED,BUY,15891,1190.5,block
2025-08-11,HOMEFIRST,Home First Fin Co Ind Ltd,EDELWEISS MUTUAL FUND,BUY,99000,1190.5,block
2025-08-11,HOMEFIRST,Home First Fin Co Ind Ltd,FIDELITY FUNDS - INDIA FOCUS FUND,BUY,549404,1190.5,block
2025-08-11,HOMEFIRST,Home First Fin Co Ind Ltd,FIDELITY FUNDS - SUSTAINABLE ASIA EQUITY FUND,BUY,1476234,1190.5,block
2025-08-11,HOMEFIRST,Home First Fin Co Ind Ltd,FIDELITY FUNDS - SUSTAINABLE ASIA EQUITY II POOL,BUY,560036,1190.5,block
2025-08-11,HOMEFIRST,Home First Fin Co Ind Ltd,FIDELITY INDIA FUND,BUY,47752,1190.5,block
2025-08-11,HOMEFIRST,Home First Fin Co Ind Ltd,FIDELITY INVESTMENT FUNDS - FIDELITY SUSTAINABLE ASIA EQUITY FUND,BUY,42781,1190.5,block
2025-08-11,HOMEFIRST,Home First Fin Co Ind Ltd,GHISALLO MASTER FUND LP,BUY,95000,1190.5,block
2025-08-11,HOMEFIRST,Home First Fin Co Ind Ltd,HDFC LIFE INSURANCE COMPANY LIMITED,BUY,199000,1190.5,block
2025-08-11,HOMEFIRST,Home First Fin Co Ind Ltd,HSBC MUTUAL FUND,BUY,515000,1190.5,block
2025-08-11,HOMEFIRST,Home First Fin Co Ind Ltd,ITI MUTUAL FUND,BUY,150000,1190.5,block
2025-08-11,HOMEFIRST,Home First Fin Co Ind Ltd,KOTAK MAHINDRA LIFE INSURANCE COMPANY LIMITED,BUY,199000,1190.5,block
2025-08-11,HOMEFIRST,Home First Fin Co Ind Ltd,KOTAK MAHINDRA MUTUAL FUND,BUY,5000000,1190.5,block
2025-08-11,HOMEFIRST,Home First Fin Co Ind Ltd,MORGAN STANLEY ASIA SINGAPORE PTE,BUY,95000,1190.5,block
2025-08-11,HOMEFIRST,Home First Fin Co Ind Ltd,MOTILAL OSWAL MUTUAL FUND,BUY,215000,1190.5,block
2025-08-11,HOMEFIRST,Home First Fin Co Ind Ltd,NORGES BANK ON ACCOUNT OF THE GOVERNMENT PENSION FUND GLOBAL,BUY,400000,1190.5,block
2025-08-11,HOMEFIRST,Home First Fin Co Ind Ltd,ORANGE CLOVE INVESTMENTS B.V.,SELL,10980033,1190.5,block
2025-08-11,HOMEFIRST,Home First Fin Co Ind Ltd,TATA AIG GENERAL INSURANCE COMPANY LIMITED,BUY,699000,1190.5,block
2025-08-11,HOMEFIRST,Home First Fin Co Ind Ltd,THE MASTER TR BK OF JPN LIMITED AS TRSTEE OF FIDELITY ASIA EQTY MOTHER FD,BUY,45935,1190.5,block
2025-08-11,HOMEFIRST,Home First Fin Co Ind Ltd,VQ FASTERCAP FUND,BUY,400000,1190.5,block
2025-08-12,CIGNITITEC,Cigniti Technologies Ltd,GOLDMAN SACHS (SINGAPORE) PTE -ODI,SELL,93975,1517.2,block
2025-08-12,CIGNITITEC,Cigniti Technologies Ltd,GOLDMAN SACHS BANK EUROPE SE - ODI,BUY,93975,1517.2,block
2025-08-12,MEDIASSIST,Medi Assist Health Ser L,ADITYA BIRLA SUN LIFE INSURANCE COMPANY LIMITED,BUY,191315,522.7,block
2025-08-12,MEDIASSIST,Medi Assist Health Ser L,ADITYA BIRLA SUN LIFE MUTUAL FUND,BUY,1913739,522.7,block
2025-08-12,MEDIASSIST,Medi Assist Health Ser L,BESSEMER INDIA CAPITAL HOLDINGS II LIMITED,SELL,11054850,522.7,block
2025-08-12,MEDIASSIST,Medi Assist Health Ser L,CITIGROUP GLOBAL MARKETS MAURITIUS PRIVATE LIMITED,BUY,191315,522.7,block
2025-08-12,MEDIASSIST,Medi Assist Health Ser L,CITIGROUP GLOBAL MARKETS MAURITIUS PRIVATE LIMITED - ODI,BUY,191315,522.7,block
2025-08-12,MEDIASSIST,Medi Assist Health Ser L,COMMONWEALTH OF PENNSYLVANIA PUBLIC SCHOOL EMPLOYEES RETIREMENT SYSTEM,BUY,202000,522.7,block
2025-08-12,MEDIASSIST,Medi Assist Health Ser L,EDELWEISS MUTUAL FUND,BUY,573942,522.7,block
2025-08-12,MEDIASSIST,Medi Assist Health Ser L,GHISALLO MASTER FUND LP,BUY,191315,522.7,block
2025-08-12,MEDIASSIST,Medi Assist Health Ser L,GOLDMAN SACHS INVESTMENTS MAURITIUS I LIMITED,BUY,191315,522.7,block
2025-08-12,MEDIASSIST,Medi Assist Health Ser L,HDFC MUTUAL FUND,BUY,478287,522.7,block
2025-08-12,MEDIASSIST,Medi Assist Health Ser L,ICICI PRUDENTIAL MUTUAL FUND,BUY,1339200,522.7,block
2025-08-12,MEDIASSIST,Medi Assist Health Ser L,KOTAK MAHINDRA MUTUAL FUND,BUY,1913143,522.7,block
2025-08-12,MEDIASSIST,Medi Assist Health Ser L,LOS ANGELES CITY EMPLOYEES RETIREMENT SYSTEM,BUY,253000,522.7,block
2025-08-12,MEDIASSIST,Medi Assist Health Ser L,MORGAN STANLEY ASIA SINGAPORE PTE,BUY,286371,522.7,block
2025-08-12,MEDIASSIST,Medi Assist Health Ser L,MORGAN STANLEY ASIA SINGAPORE PTE,BUY,191315,522.7,block
2025-08-12,MEDIASSIST,Medi Assist Health Ser L,MORGAN STANLEY IFSC FUND,BUY,191315,522.7,block
2025-08-12,MEDIASSIST,Medi Assist Health Ser L,PENSION RESERVES INVESTMENT TRUST FUND,BUY,148000,522.7,block
2025-08-12,MEDIASSIST,Medi Assist Health Ser L,PUBLIC EMPLOYEES RETIREMENT SYSTEM OF OHIO,BUY,88000,522.7,block
2025-08-12,MEDIASSIST,Medi Assist Health Ser L,PUBLIC SECTOR PENSION INVESTMENT BOARD,BUY,478286,522.7,block
2025-08-12,MEDIASSIST,Medi Assist Health Ser L,SUNDARAM MUTUAL FUND,BUY,232677,522.7,block
2025-08-12,MEDIASSIST,Medi Assist Health Ser L,WASATCH EMERGING INDIA FUND,BUY,1632000,522.7,block
2025-08-12,MEDIASSIST,Medi Assist Health Ser L,WASATCH EMERGING MARKETS SMALL CAP FUND,BUY,177000,522.7,block
2025-08-14,CIGNITITEC,Cigniti Technologies Ltd,GOLDMAN SACHS (SINGAPORE) PTE - ODI,SELL,93975,1537.0,block
2025-08-14,CIGNITITEC,Cigniti Technologies Ltd,GOLDMAN SACHS BANK EUROPE SE - ODI,BUY,93975,1537.0,block
2025-08-14,NXST,Nexus Select Trust,GOLDMAN SACHS (SINGAPORE) PTE - ODI,SELL,1159597,150.0,block
2025-08-14,NXST,Nexus Select Trust,GOLDMAN SACHS BANK EUROPE SE - ODI,BUY,1159597,150.0,block
2025-08-18,AGARWALTUF,Agarwal Tough Glass Ind L,KABRA KAILASH,BUY,118800,155.8,bulk
2025-08-18,AGARWALTUF,Agarwal Tough Glass Ind L,KABRA KAILASH,SELL,118800,154.88,bulk
2025-08-18,ALLTIME,All Time Plastics Limited,VIBHAV MANISH CHOKHANI,BUY,350000,287.11,bulk
2025-08-18,AMCL,ANB Metal Cast Limited,ASCENT WEALTH,BUY,124800,164.0,bulk
2025-08-18,AMCL,ANB Metal Cast Limited,KOMALAY INVESTRADE PRIVATE LIMITED,BUY,59200,164.0,bulk
2025-08-18,AMCL,ANB Metal Cast Limited,VBCUBE VENTURES FUND,SELL,192000,164.0,bulk
2025-08-18,AMCL,ANB Metal Cast Limited,VBCUBE VENTURES FUND II,SELL,192000,164.76,bulk
2025-08-18,CONNPLEX,Connplex Cinemas Limited,AARTH.AIF GROWTH FUND,BUY,100000,177.61,bulk
2025-08-18,CONNPLEX,Connplex Cinemas Limited,NEO APEX VENTURE LLP,SELL,23200,177.55,bulk
2025-08-18,CONNPLEX,Connplex Cinemas Limited,NEO APEX VENTURE LLP,BUY,110400,177.56,bulk
2025-08-18,FLYSBS,FlySBS Aviation Limited,BIJAL PRITESH VORA,SELL,198000,568.0,bulk
2025-08-18,FLYSBS,FlySBS Aviation Limited,MANSI SHARE AND STOCK BROKING PRIVATE LIMITED,BUY,187800,572.69,bulk
2025-08-18,FLYSBS,FlySBS Aviation Limited,MANSI SHARE AND STOCK BROKING PRIVATE LIMITED,SELL,360000,567.14,bulk
2025-08-18,FLYSBS,FlySBS Aviation Limited,NEO APEX VENTURE LLP,SELL,492600,567.94,bulk
2025-08-18,FLYSBS,FlySBS Aviation Limited,RITU  BAPNA,BUY,356400,562.44,bulk
2025-08-18,FLYSBS,FlySBS Aviation Limited,VENKATA NAGARAJU PADALA,BUY,104400,567.85,bulk
2025-08-18,JAINIK,Jainik Power Cables Ltd,ARIHANT CAPITAL MARKETS LIMITED,BUY,81600,127.19,bulk
2025-08-18,KAMOPAINTS,Kamdhenu Ventures Limited,SRI ADHIKARI BROTHERS ASSETS HOLDING PRIVATE LIMITED,SELL,2100000,9.21,bulk
2025-08-18,KAMOPAINTS,Kamdhenu Ventures Limited,SW CAPITAL PRIVATE LIMITED,SELL,2353570,9.68,bulk
2025-08-18,KAMOPAINTS,Kamdhenu Ventures Limited,SW CAPITAL PRIVATE LIMITED,BUY,2396848,9.39,bulk
2025-08-18,KANDARP,Kandarp Dg Smart Bpo Ltd,PASHUPATI CAPITA SER PVT LTD,BUY,48000,90.96,bulk
2025-08-18,KOTHARIPET,Kothari Petrochem Ltd,ARIZONA GLOBALSERVICES PRIVATE LTD.,SELL,725000,162.35,bulk
2025-08-18,KOTHARIPET,Kothari Petrochem Ltd,BHK   TRADING LLP,BUY,725000,162.35,bulk
2025-08-18,KOTHARIPET,Kothari Petrochem Ltd,ARIZONA GLOBALSERVICES PRIVATE LTD.,SELL,725000,162.35,block
2025-08-18,KOTHARIPET,Kothari Petrochem Ltd,BHK   TRADING LLP,BUY,725000,162.35,block
2025-08-18,LAXMIINDIA,Laxmi India Finance Ltd,JUNOMONETA FINSOL PRIVATE LIMITED,SELL,266402,137.24,bulk
2025-08-18,LAXMIINDIA,Laxmi India Finance Ltd,JUNOMONETA FINSOL PRIVATE LIMITED,BUY,266402,137.31,bulk
2025-08-18,LAXMIINDIA,Laxmi India Finance Ltd,MATHISYS ADVISORS LLP,SELL,433319,136.95,bulk
2025-08-18,LAXMIINDIA,Laxmi India Finance Ltd,MATHISYS ADVISORS LLP,BUY,437682,136.88,bulk
2025-08-18,MEDISTEP,Medistep Healthcare Ltd,FINGROW INVESTMENT VENTURES PRIVATE LIMITED .,BUY,99000,53.0,bulk
2025-08-18,MEDISTEP,Medistep Healthcare Ltd,KABRA KAILASH,BUY,90000,53.0,bulk
2025-08-18,MEDISTEP,Medistep Healthcare Ltd,LAXMI VYANKATESH ENTERPRISES,BUY,90000,51.4,bulk
2025-08-18,MVKAGRO,M.V.K. Agro Food Prod Ltd,NEO APEX VENTURE LLP,SELL,86400,292.85,bulk
2025-08-18,MVKAGRO,M.V.K. Agro Food Prod Ltd,NIKESH AGRO FARMS AND INFRASTRUCTURE PRIVATE LIMITED,SELL,86400,292.85,bulk
2025-08-18,PGEL,PG Electroplast Ltd,HRTI PRIVATE LIMITED,BUY,1914449,536.05,bulk
2025-08-18,PGEL,PG Electroplast Ltd,HRTI PRIVATE LIMITED,SELL,1944758,537.61,bulk
2025-08-18,POLYSIL,Polysil Irrigation Syst L,NEO APEX VENTURE LLP,SELL,142000,139.05,bulk
2025-08-18,PRAENG,Prajay Engineers Syndicat,RIMPY MITTAL,BUY,406175,21.37,bulk
2025-08-18,PRAENG,Prajay Engineers Syndicat,RIMPY MITTAL,SELL,433754,21.49,bulk
2025-08-18,PROSTARM,Prostarm Info Systems Ltd,NEO APEX VENTURE LLP,BUY,509678,185.22,bulk
2025-08-18,PROSTARM,Prostarm Info Systems Ltd,NEO APEX VENTURE LLP,SELL,509678,186.81,bulk
2025-08-18,RICOAUTO,Rico Auto Industries Ltd,DIPAN MEHTA COMMODITIES PRIVATE LIMITED,SELL,799635,98.79,bulk
2025-08-18,RICOAUTO,Rico Auto Industries Ltd,DIPAN MEHTA COMMODITIES PRIVATE LIMITED,BUY,799635,98.64,bulk
2025-08-18,RICOAUTO,Rico Auto Industries Ltd,ELIXIR WEALTH MANAGEMENT PRIVATE LIMITED,SELL,1829859,99.31,bulk
2025-08-18,RICOAUTO,Rico Auto Industries Ltd,ELIXIR WEALTH MANAGEMENT PRIVATE LIMITED,BUY,1833928,99.07,bulk
2025-08-18,RICOAUTO,Rico Auto Industries Ltd,GRAVITON RESEARCH CAPITAL LLP,BUY,2152715,98.35,bulk
2025-08-18,RICOAUTO,Rico Auto Industries Ltd,GRAVITON RESEARCH CAPITAL LLP,SELL,2152715,98.52,bulk
2025-08-18,RICOAUTO,Rico Auto Industries Ltd,HRTI PRIVATE LIMITED,SELL,678932,98.34,bulk
2025-08-18,RICOAUTO,Rico Auto Industries Ltd,HRTI PRIVATE LIMITED,BUY,743846,97.96,bulk
2025-08-18,RICOAUTO,Rico Auto Industries Ltd,IRAGE BROKING SERVICES LLP,SELL,1270508,98.64,bulk
2025-08-18,RICOAUTO,Rico Auto Industries Ltd,IRAGE BROKING SERVICES LLP,BUY,1873365,98.13,bulk
2025-08-18,RICOAUTO,Rico Auto Industries Ltd,JUNOMONETA FINSOL PRIVATE LIMITED,SELL,3251574,98.41,bulk
2025-08-18,RICOAUTO,Rico Auto Industries Ltd,JUNOMONETA FINSOL PRIVATE LIMITED,BUY,3251574,98.31,bulk
2025-08-18,RICOAUTO,Rico Auto Industries Ltd,MICROCURVES TRADING PRIVATE LIMITED,SELL,1313469,98.53,bulk
2025-08-18,RICOAUTO,Rico Auto Industries Ltd,MICROCURVES TRADING PRIVATE LIMITED,BUY,1313469,98.3,bulk
2025-08-18,RICOAUTO,Rico Auto Industries Ltd,MUSIGMA SECURITIES,BUY,4627912,98.4,bulk
2025-08-18,RICOAUTO,Rico Auto Industries Ltd,MUSIGMA SECURITIES,SELL,4627912,98.45,bulk
2025-08-18,RICOAUTO,Rico Auto Industries Ltd,NK SECURITIES RESEARCH PRIVATE LIMITED,SELL,2098724,98.06,bulk
2025-08-18,RICOAUTO,Rico Auto Industries Ltd,NK SECURITIES RESEARCH PRIVATE LIMITED,BUY,2098724,98.01,bulk
2025-08-18,RICOAUTO,Rico Auto Industries Ltd,QE SECURITIES LLP,BUY,1537221,98.07,bulk
2025-08-18,RICOAUTO,Rico Auto Industries Ltd,QE SECURITIES LLP,SELL,1581298,98.25,bulk
2025-08-18,RICOAUTO,Rico Auto Industries Ltd,SHREE NAMAN SECURITIES & FINANCE PRIVATE LIMITED,BUY,979795,98.74,bulk
2025-08-18,RICOAUTO,Rico Auto Industries Ltd,SHREE NAMAN SECURITIES & FINANCE PRIVATE LIMITED,SELL,980295,98.8,bulk
2025-08-18,RISHABH,Rishabh Instruments Ltd,GRAVITON RESEARCH CAPITAL LLP,BUY,198298,390.27,bulk
2025-08-18,RISHABH,Rishabh Instruments Ltd,GRAVITON RESEARCH CAPITAL LLP,SELL,198298,391.06,bulk
2025-08-18,RISHABH,Rishabh Instruments Ltd,JUNOMONETA FINSOL PRIVATE LIMITED,BUY,215252,398.05,bulk
2025-08-18,RISHABH,Rishabh Instruments Ltd,JUNOMONETA FINSOL PRIVATE LIMITED,SELL,215252,398.52,bulk
2025-08-18,SAMPANN,Sampann Utpadan India Ltd,DAVOS INTERNATIONAL FUND,SELL,1250000,32.96,bulk
2025-08-18,SAMPANN,Sampann Utpadan India Ltd,ISQUARE GLOBAL PE FUND,BUY,1250000,32.96,bulk
2025-08-18,SAROJA,Saroja Pharma Indus Ind L,KOKILA SANJAY BHEDA,SELL,24000,46.8,bulk
2025-08-18,SAWALIYA,Sawaliya Food Products L,ASCENT WEALTH,BUY,79200,234.96,bulk
2025-08-18,SHRADHA,Shradha Infraprojects Ltd,MILLIA TRADING PRIVATE LIMITED  .,SELL,1000000,60.81,bulk
2025-08-20,SHAILY,Shaily Eng Plastics Ltd,AMERICAN FUNDS FUNDAMENTAL INVESTORS,BUY,500000,1925.0,block
2025-08-20,SHAILY,Shaily Eng Plastics Ltd,LIGHTHOUSE INDIA FUND III LIMITED,SELL,500000,1925.0,block
2025-08-20,VGUARD,V-Guard Industries Limite,CHITTILAPPILLY THOMAS KOCHUOUSEPH,SELL,4151351,370.0,block
2025-08-20,VGUARD,V-Guard Industries Limite,ICICI PRUDENTIAL MUTUAL FUND,BUY,4151351,370.0,block
2025-08-21,NXST,Nexus Select Trust,GOLDMAN SACHS (SINGAPORE) PTE - ODI,SELL,1230046,150.0,block
2025-08-21,NXST,Nexus Select Trust,GOLDMAN SACHS BANK EUROPE SE -ODI,BUY,1230046,150.0,block
2025-08-22,APOLLOHOSP,Apollo Hospitals Ltd,ABU DHABI INVESTMENT AUTHORITY,BUY,12985,7850.0,block
2025-08-22,APOLLOHOSP,Apollo Hospitals Ltd,AXIS MUTUAL FUND,BUY,58015,7850.0,block
2025-08-22,APOLLOHOSP,Apollo Hospitals Ltd,BANK OF INDIA MUTUAL FUND,BUY,12985,7850.0,block
2025-08-22,APOLLOHOSP,Apollo Hospitals Ltd,BNP PARIBAS FINANCIAL MARKETS,BUY,28015,7850.0,block
2025-08-22,APOLLOHOSP,Apollo Hospitals Ltd,COPTHALL MAURITIUS INVESTMENT LIMITED,BUY,12985,7850.0,block
2025-08-22,APOLLOHOSP,Apollo Hospitals Ltd,DENDANA INVESTMENTS MAURITIUS LIMITED,BUY,1949,7850.0,block
2025-08-22,APOLLOHOSP,Apollo Hospitals Ltd,EMERGING MARKETS EQUITY TRUST,BUY,428314,7850.0,block
2025-08-22,APOLLOHOSP,Apollo Hospitals Ltd,FIDELITY FUNDS.- INDIA FOCUS FUND,BUY,67262,7850.0,block
2025-08-22,APOLLOHOSP,Apollo Hospitals Ltd,FIDELITY INDIA FUND,BUY,5806,7850.0,block
2025-08-22,APOLLOHOSP,Apollo Hospitals Ltd,GHISALLO MASTER FUND LP,BUY,230043,7850.0,block
2025-08-22,APOLLOHOSP,Apollo Hospitals Ltd,GOLDMAN SACHS (SINGAPORE) PTE,BUY,12985,7850.0,block
2025-08-22,APOLLOHOSP,Apollo Hospitals Ltd,INVESCO MUTUAL FUND,BUY,5600,7850.0,block
2025-08-22,APOLLOHOSP,Apollo Hospitals Ltd,INVESCO MUTUAL FUND,BUY,1400,7850.0,block
2025-08-22,APOLLOHOSP,Apollo Hospitals Ltd,INVESCO MUTUAL FUND,BUY,6720,7850.0,block
2025-08-22,APOLLOHOSP,Apollo Hospitals Ltd,INVESCO MUTUAL FUND,BUY,7280,7850.0,block
2025-08-22,APOLLOHOSP,Apollo Hospitals Ltd,KOTAK MAHINDRA LIFE INSURANCE COMPANY LIMITED,BUY,260,7850.0,block
2025-08-22,APOLLOHOSP,Apollo Hospitals Ltd,KOTAK MAHINDRA LIFE INSURANCE COMPANY LIMITED,BUY,282,7850.0,block
2025-08-22,APOLLOHOSP,Apollo Hospitals Ltd,KOTAK MAHINDRA LIFE INSURANCE COMPANY LIMITED,BUY,299,7850.0,block
2025-08-22,APOLLOHOSP,Apollo Hospitals Ltd,KOTAK MAHINDRA LIFE INSURANCE COMPANY LIMITED,BUY,385,7850.0,block
2025-08-22,APOLLOHOSP,Apollo Hospitals Ltd,KOTAK MAHINDRA LIFE INSURANCE COMPANY LIMITED,BUY,772,7850.0,block
2025-08-22,APOLLOHOSP,Apollo Hospitals Ltd,KOTAK MAHINDRA LIFE INSURANCE COMPANY LIMITED,BUY,1506,7850.0,block
2025-08-22,APOLLOHOSP,Apollo Hospitals Ltd,KOTAK MAHINDRA LIFE INSURANCE COMPANY LIMITED,BUY,31957,7850.0,block
2025-08-22,APOLLOHOSP,Apollo Hospitals Ltd,KOTAK MAHINDRA LIFE INSURANCE COMPANY LIMITED,BUY,22586,7850.0,block
2025-08-22,APOLLOHOSP,Apollo Hospitals Ltd,MORGAN STANLEY ASIA SINGAPORE PTE,BUY,80212,7850.0,block
2025-08-22,APOLLOHOSP,Apollo Hospitals Ltd,MORGAN STANLEY ASIA SINGAPORE PTE,BUY,90885,7850.0,block
2025-08-22,APOLLOHOSP,Apollo Hospitals Ltd,MORNINGSTAR FUNDS TRUST - MORNINGSTAR INTERNATIONAL EQUITY FUND,BUY,4708,7850.0,block
2025-08-22,APOLLOHOSP,Apollo Hospitals Ltd,SOCIETE GENERALE,BUY,328047,7850.0,block
2025-08-22,APOLLOHOSP,Apollo Hospitals Ltd,SUNEETHA REDDY,SELL,1897239,7850.0,block
2025-08-22,APOLLOHOSP,Apollo Hospitals Ltd,T ROWE PRICE FUNDS SICAV  GLOBAL ALLOCATION EXTENDED FUND,BUY,195,7850.0,block
2025-08-22,APOLLOHOSP,Apollo Hospitals Ltd,T ROWE PRICE FUNDS SICAV EMERGING MARKETS EQUITY FUND,BUY,9377,7850.0,block
2025-08-22,APOLLOHOSP,Apollo Hospitals Ltd,T ROWE PRICE FUNDS SICAV GLOBAL ALLOCATION FUND,BUY,182,7850.0,block
2025-08-22,APOLLOHOSP,Apollo Hospitals Ltd,T ROWE PRICE GLOBAL ALLOCATION FUND,BUY,2299,7850.0,block
2025-08-22,APOLLOHOSP,Apollo Hospitals Ltd,T ROWE PRICE INSTITUTIONAL EMERGING MARKETS EQUITY FUND,BUY,29937,7850.0,block
2025-08-22,APOLLOHOSP,Apollo Hospitals Ltd,T ROWE PRICE RETIREMENT HYBRID TRUST- T ROWE PRICE NON US EQUITIES TRUST,BUY,46069,7850.0,block
2025-08-22,APOLLOHOSP,Apollo Hospitals Ltd,T. ROWE PRICE EMERGING MARKETS STOCK FUND,BUY,328635,7850.0,block
2025-08-22,APOLLOHOSP,Apollo Hospitals Ltd,T. ROWE PRICE GLOBAL ALLOCATION FUND,BUY,332,7850.0,block
2025-08-22,APOLLOHOSP,Apollo Hospitals Ltd,TATA MUTUAL FUND,BUY,12985,7850.0,block
2025-08-22,APOLLOHOSP,Apollo Hospitals Ltd,VIRIDIAN ASIA OPPORTUNITIES MASTER FUND,BUY,12985,7850.0,block
2025-08-25,ACE,Action Construction Equip,GRAVITON RESEARCH CAPITAL LLP,BUY,667598,1072.75,bulk
2025-08-25,ACE,Action Construction Equip,GRAVITON RESEARCH CAPITAL LLP,SELL,667598,1073.56,bulk
2025-08-25,AFFORDABLE,Afford Robo & Auto Ltd,URVI HEMAL SHAH,SELL,63355,359.02,bulk
2025-08-25,ALLTIME,All Time Plastics Limited,GRAVITON RESEARCH CAPITAL LLP,BUY,341965,328.51,bulk
2025-08-25,ALLTIME,All Time Plastics Limited,GRAVITON RESEARCH CAPITAL LLP,SELL,341965,328.68,bulk
2025-08-25,AMCL,ANB Metal Cast Limited,ASCENT WEALTH,SELL,124800,165.0,bulk
2025-08-25,AMCL,ANB Metal Cast Limited,ASHO INVESTMENT AND ADVISORY PRIVATE LIMITED .,SELL,64800,166.5,bulk
2025-08-25,AMCL,ANB Metal Cast Limited,AVNISHKUMAR DHIRAJLAL GAJERA,BUY,396800,164.95,bulk
2025-08-25,AMCL,ANB Metal Cast Limited,DHIRAJLAL NAGJIBHAI GAJERA,BUY,182400,166.1,bulk
2025-08-25,APOLLO,Apollo Micro Systems Ltd,GRAVITON RESEARCH CAPITAL LLP,BUY,4665954,241.78,bulk
2025-08-25,APOLLO,Apollo Micro Systems Ltd,GRAVITON RESEARCH CAPITAL LLP,SELL,4665954,241.86,bulk
2025-08-25,APOLLO,Apollo Micro Systems Ltd,HRTI PRIVATE LIMITED,SELL,1614960,242.27,bulk
2025-08-25,APOLLO,Apollo Micro Systems Ltd,HRTI PRIVATE LIMITED,BUY,2018908,242.31,bulk
2025-08-25,APOLLO,Apollo Micro Systems Ltd,JUNOMONETA FINSOL PRIVATE LIMITED,BUY,2674390,242.03,bulk
2025-08-25,APOLLO,Apollo Micro Systems Ltd,JUNOMONETA FINSOL PRIVATE LIMITED,SELL,2674390,242.14,bulk
2025-08-25,APOLLO,Apollo Micro Systems Ltd,QE SECURITIES LLP,BUY,1938529,241.4,bulk
2025-08-25,APOLLO,Apollo Micro Systems Ltd,QE SECURITIES LLP,SELL,1983974,241.64,bulk
2025-08-25,CAPINVIT,Capital Infra Trust,CIM INVESTMENT FUND ICAV,BUY,2920000,79.45,bulk
2025-08-25,CONNPLEX,Connplex Cinemas Limited,MANSI SHARE AND STOCK BROKING PRIVATE LIMITED,SELL,100000,189.02,bulk
2025-08-25,CONNPLEX,Connplex Cinemas Limited,SETU SECURITIES PRIVATE LIMITED,BUY,100000,189.14,bulk
2025-08-25,FLYSBS,FlySBS Aviation Limited,ISHAAN TRADEFIN LLP,SELL,87000,662.58,bulk
2025-08-25,FLYSBS,FlySBS Aviation Limited,ISHAAN TRADEFIN LLP,BUY,88200,673.16,bulk
2025-08-25,FLYSBS,FlySBS Aviation Limited,MANSI SHARE AND STOCK BROKING PRIVATE LIMITED,SELL,95400,639.94,bulk
2025-08-25,FLYSBS,FlySBS Aviation Limited,RITU BAPNA,BUY,369600,654.09,bulk
2025-08-25,FLYSBS,FlySBS Aviation Limited,YUGA STOCKS AND COMMODITIES PRIVATE LIMITED,BUY,43800,658.13,bulk
2025-08-25,FLYSBS,FlySBS Aviation Limited,YUGA STOCKS AND COMMODITIES PRIVATE LIMITED,SELL,103800,646.84,bulk
2025-08-25,GRMOVER,GRM Overseas Limited,PASHUPATI CAPITA SER PVT LTD,BUY,117038,376.6,bulk
2025-08-25,GRMOVER,GRM Overseas Limited,PASHUPATI CAPITA SER PVT LTD,SELL,330273,374.49,bulk
2025-08-25,IZMO,IZMO Limited,D3 STOCK VISION LLP,BUY,140699,643.56,bulk
2025-08-25,IZMO,IZMO Limited,D3 STOCK VISION LLP,SELL,140749,637.28,bulk
2025-08-25,IZMO,IZMO Limited,NEO APEX SHARE BROKING SERVICES LLP,BUY,92797,641.79,bulk
2025-08-25,IZMO,IZMO Limited,NEO APEX SHARE BROKING SERVICES LLP,SELL,102797,644.37,bulk
2025-08-25,IZMO,IZMO Limited,NEO APEX VENTURE LLP,BUY,94748,641.59,bulk
2025-08-25,IZMO,IZMO Limited,NEO APEX VENTURE LLP,SELL,124748,636.17,bulk
2025-08-25,IZMO,IZMO Limited,SHARE INDIA SECURITIES LIMITED,BUY,251910,636.62,bulk
2025-08-25,IZMO,IZMO Limited,SHARE INDIA SECURITIES LIMITED,SELL,252322,630.72,bulk
2025-08-25,JKPAPER,JK Paper Limited,GRAVITON RESEARCH CAPITAL LLP,BUY,1369348,399.67,bulk
2025-08-25,JKPAPER,JK Paper Limited,GRAVITON RESEARCH CAPITAL LLP,SELL,1369348,400.05,bulk
2025-08-25,KROSS,Kross Limited,ALPHAGREP SECURITIES PRIVATE LIMITED,SELL,704812,204.12,bulk
2025-08-25,KROSS,Kross Limited,ALPHAGREP SECURITIES PRIVATE LIMITED,BUY,704812,204.0,bulk
2025-08-25,KROSS,Kross Limited,ELIXIR WEALTH MANAGEMENT PRIVATE LIMITED,SELL,981858,205.0,bulk
2025-08-25,KROSS,Kross Limited,ELIXIR WEALTH MANAGEMENT PRIVATE LIMITED,BUY,981858,204.68,bulk
2025-08-25,KROSS,Kross Limited,GRAVITON RESEARCH CAPITAL LLP,BUY,1496677,203.99,bulk
2025-08-25,KROSS,Kross Limited,GRAVITON RESEARCH CAPITAL LLP,SELL,1496677,204.2,bulk
2025-08-25,KROSS,Kross Limited,HRTI PRIVATE LIMITED,SELL,455336,203.98,bulk
2025-08-25,KROSS,Kross Limited,HRTI PRIVATE LIMITED,BUY,566949,203.67,bulk
2025-08-25,KROSS,Kross Limited,IRAGE BROKING SERVICES LLP,SELL,370971,204.21,bulk
2025-08-25,KROSS,Kross Limited,IRAGE BROKING SERVICES LLP,BUY,493182,204.06,bulk
2025-08-25,KROSS,Kross Limited,JUNOMONETA FINSOL PRIVATE LIMITED,BUY,1327510,203.74,bulk
2025-08-25,KROSS,Kross Limited,JUNOMONETA FINSOL PRIVATE LIMITED,SELL,1327510,203.93,bulk
2025-08-25,KROSS,Kross Limited,MICROCURVES TRADING PRIVATE LIMITED,SELL,430913,204.27,bulk
2025-08-25,KROSS,Kross Limited,MICROCURVES TRADING PRIVATE LIMITED,BUY,430913,204.02,bulk
2025-08-25,KROSS,Kross Limited,MUSIGMA SECURITIES,BUY,1325129,204.27,bulk
2025-08-25,KROSS,Kross Limited,MUSIGMA SECURITIES,SELL,1325129,204.37,bulk
2025-08-25,KROSS,Kross Limited,NK SECURITIES RESEARCH PRIVATE LIMITED,BUY,685465,204.01,bulk
2025-08-25,KROSS,Kross Limited,NK SECURITIES RESEARCH PRIVATE LIMITED,SELL,685465,204.11,bulk
2025-08-25,KROSS,Kross Limited,QE SECURITIES LLP,BUY,1043508,204.04,bulk
2025-08-25,KROSS,Kross Limited,QE SECURITIES LLP,SELL,1053459,203.96,bulk
2025-08-25,LLOYDSE-RE,Lloyds Enterprises Ltd,AGARWAL RAVI,SELL,14510000,28.03,bulk
2025-08-25,LLOYDSE-RE,Lloyds Enterprises Ltd,HALAN AJAY KUMAR MAHABIR PRASAD,BUY,2000000,28.5,bulk
2025-08-25,LLOYDSE-RE,Lloyds Enterprises Ltd,HALAN ANJU AJAYKUMAR,BUY,2000000,28.5,bulk
2025-08-25,LLOYDSE-RE,Lloyds Enterprises Ltd,HALAN ASHA OM HARI,BUY,2000000,27.37,bulk
2025-08-25,LLOYDSE-RE,Lloyds Enterprises Ltd,HALAN NARAYAN HARI MAHABIR PRASAD,BUY,2000000,28.5,bulk
2025-08-25,LLOYDSE-RE,Lloyds Enterprises Ltd,HALAN OM HARI MAHABIR PRASAD,BUY,2000000,28.5,bulk
2025-08-25,LLOYDSE-RE,Lloyds Enterprises Ltd,HALAN PAVAN KUMAR MAHABIR PRASAD,BUY,2000000,28.5,bulk
2025-08-25,LLOYDSE-RE,Lloyds Enterprises Ltd,HALAN PRAVINA PAVAN KUMAR,BUY,2000000,28.5,bulk
2025-08-25,LLOYDSE-RE,Lloyds Enterprises Ltd,HALAN SUJATA VIMALHARI,BUY,2000000,27.37,bulk
2025-08-25,LLOYDSE-RE,Lloyds Enterprises Ltd,HALAN VIMAL HARI MAHABIR PRASAD,BUY,2000000,28.5,bulk
2025-08-25,LLOYDSE-RE,Lloyds Enterprises Ltd,HARI HALAN VISHAKHA NARAYAN,BUY,2000000,27.37,bulk
2025-08-25,LLOYDSE-RE,Lloyds Enterprises Ltd,PRAGYA REALTY DEVELOPERS PRIVATE LIMITED,SELL,10908810,28.03,bulk
2025-08-26,EDELWEISS,Edelweiss Fin Serv Ltd,ABAKKUS ASSET MANAGER PRIVATE LIMITED,BUY,6430780,100.0,block
2025-08-26,EDELWEISS,Edelweiss Fin Serv Ltd,EDELWEISS EMPLOYEES INCENTIVES AND WELFARE TRUST,SELL,5301510,100.0,block
2025-08-26,EDELWEISS,Edelweiss Fin Serv Ltd,EDELWEISS EMPLOYEES WELFARE TRUST,SELL,1129270,100.0,block
2025-08-26,UPL,UPL Limited,NERKA CHEMICALS PRIVATE LTD,BUY,980000,723.05,block
2025-08-26,UPL,UPL Limited,UNIPHOS ENTERPRISES LTD,SELL,980000,723.05,block
2025-08-29,AGARWALEYE,Dr Agarwals Health Care L,GOLDMAN SACHS (SINGAPORE) PTE - ODI,SELL,429190,439.1,block
2025-08-29,AGARWALEYE,Dr Agarwals Health Care L,GOLDMAN SACHS BANK EUROPE SE - ODI,BUY,429190,439.1,block
2025-08-29,CGCL,Money Matters F S Limited,GOLDMAN SACHS (SINGAPORE) PTE - ODI,SELL,870125,185.7,block
2025-08-29,CGCL,Money Matters F S Limited,GOLDMAN SACHS BANK EUROPE SE - ODI,BUY,870125,185.7,block
2025-08-29,CHOLAFIN,Cholamandalam In & Fin Co,GOLDMAN SACHS (SINGAPORE) PTE - ODI,SELL,242876,1439.8,block
2025-08-29,CHOLAFIN,Cholamandalam In & Fin Co,GOLDMAN SACHS BANK EUROPE SE - ODI,BUY,242876,1439.8,block
2025-08-29,DHANI,Dhani Services Limited,GOLDMAN SACHS (SINGAPORE) PTE - ODI,SELL,3814898,62.7,block
2025-08-29,DHANI,Dhani Services Limited,GOLDMAN SACHS BANK EUROPE SE - ODI,BUY,3814898,62.7,block
2025-08-29,ETERNAL,ETERNAL LIMITED,GOLDMAN SACHS (SINGAPORE) PTE - ODI,SELL,6676269,315.5,block
2025-08-29,ETERNAL,ETERNAL LIMITED,GOLDMAN SACHS BANK EUROPE SE - ODI,BUY,6676269,315.5,block
2025-08-29,FIVESTAR,Five-Star Bus Fin Ltd,GOLDMAN SACHS (SINGAPORE) PTE - ODI,SELL,519142,552.75,block
2025-08-29,FIVESTAR,Five-Star Bus Fin Ltd,GOLDMAN SACHS BANK EUROPE SE - ODI,BUY,519142,552.75,block
2025-08-29,GODREJPROP,Godrej Properties Ltd,GOLDMAN SACHS (SINGAPORE) PTE - ODI,SELL,527615,1984.6,block
2025-08-29,GODREJPROP,Godrej Properties Ltd,GOLDMAN SACHS BANK EUROPE SE - ODI,BUY,527615,1984.6,block
2025-08-29,INDIGRID,India Grid Trust,GOLDMAN SACHS (SINGAPORE) PTE - ODI,SELL,792168,161.5,block
2025-08-29,INDIGRID,India Grid Trust,GOLDMAN SACHS BANK EUROPE SE - ODI,BUY,792168,161.5,block
2025-08-29,KIMS,Krishna Inst of Med Sci L,GOLDMAN SACHS (SINGAPORE) PTE - ODI,SELL,251598,737.4,block
2025-08-29,KIMS,Krishna Inst of Med Sci L,GOLDMAN SACHS BANK EUROPE SE - ODI,BUY,251598,737.4,block
2025-08-29,KOLTEPATIL,Kolte - Patil Developers,GOLDMAN SACHS (SINGAPORE) PTE - ODI,SELL,507534,469.7,block
2025-08-29,KOLTEPATIL,Kolte - Patil Developers,GOLDMAN SACHS BANK EUROPE SE - ODI,BUY,507534,469.7,block
2025-08-29,KOTAKBANK,Kotak Mahindra Bank Limit,GOLDMAN SACHS (SINGAPORE) PTE - ODI,SELL,175693,1944.7,block
2025-08-29,KOTAKBANK,Kotak Mahindra Bank Limit,GOLDMAN SACHS BANK EUROPE SE - ODI,BUY,175693,1944.7,block
2025-08-29,LEMONTREE,Lemon Tree Hotels Ltd,GOLDMAN SACHS (SINGAPORE) PTE - ODI,SELL,870090,167.8,block
2025-08-29,LEMONTREE,Lemon Tree Hotels Ltd,GOLDMAN SACHS BANK EUROPE SE - ODI,BUY,870090,167.8,block
2025-08-29,MANAPPURAM,Manappuram Finance Ltd,GOLDMAN SACHS (SINGAPORE) PTE - ODI,SELL,1251077,263.0,block
2025-08-29,MANAPPURAM,Manappuram Finance Ltd,GOLDMAN SACHS BANK EUROPE SE - ODI,BUY,1251077,263.0,block
2025-08-29,OBEROIRLTY,Oberoi Realty Limited,GOLDMAN SACHS (SINGAPORE) PTE - ODI,SELL,122365,1618.8,block
2025-08-29,OBEROIRLTY,Oberoi Realty Limited,GOLDMAN SACHS BANK EUROPE SE - ODI,BUY,122365,1618.8,block
2025-08-29,SHRIRAMFIN,Shriram Finance Limited,GOLDMAN SACHS (SINGAPORE) PTE - ODI,SELL,742825,571.65,block
2025-08-29,SHRIRAMFIN,Shriram Finance Limited,GOLDMAN SACHS BANK EUROPE SE - ODI,BUY,742825,571.65,block
2025-08-29,THELEELA,Schloss Bangalore Limited,GOLDMAN SACHS (SINGAPORE) PTE - ODI,SELL,412926,396.65,block
2025-08-29,THELEELA,Schloss Bangalore Limited,GOLDMAN SACHS BANK EUROPE SE - ODI,BUY,412926,396.65,block
2025-08-29,VBL,Varun Beverages Limited,GOLDMAN SACHS (SINGAPORE) PTE - ODI,SELL,1571019,497.7,block
2025-08-29,VBL,Varun Beverages Limited,GOLDMAN SACHS BANK EUROPE SE - ODI,BUY,1571019,497.7,block
2025-09-01,CARBORUNIV,Carborundum Univ Ltd,MURUGAPPAN ARUNACHALAM CHILDREN TRUST,SELL,300000,915.0,block
2025-09-01,CARBORUNIV,Carborundum Univ Ltd,SANDHYA G PARIKH,BUY,300000,915.0,block
2025-09-01,CGCL,Money Matters F S Limited,GOLDMAN SACHS (SINGAPORE) PTE - ODI,SELL,2730375,185.4,block
2025-09-01,CGCL,Money Matters F S Limited,GOLDMAN SACHS BANK EUROPE SE - ODI,BUY,2730375,185.4,block
2025-09-01,ETERNAL,ETERNAL LIMITED,GOLDMAN SACHS (SINGAPORE) PTE - ODI,SELL,8988390,313.95,block
2025-09-01,ETERNAL,ETERNAL LIMITED,GOLDMAN SACHS BANK EUROPE SE - ODI,BUY,8988390,313.95,block
2025-09-01,GODREJPROP,Godrej Properties Ltd,GOLDMAN SACHS (SINGAPORE) PTE - ODI,SELL,591312,1947.7,block
2025-09-01,GODREJPROP,Godrej Properties Ltd,GOLDMAN SACHS BANK EUROPE SE - ODI,BUY,591312,1947.7,block
2025-09-01,KOLTEPATIL,Kolte - Patil Developers,GOLDMAN SACHS (SINGAPORE) PTE- ODI,SELL,660003,467.75,block
2025-09-01,KOLTEPATIL,Kolte - Patil Developers,GOLDMAN SACHS BANK EUROPE SE - ODI,BUY,660003,467.75,block
2025-09-01,KOTAKBANK,Kotak Mahindra Bank Limit,GOLDMAN SACHS (SINGAPORE) PTE- ODI,SELL,491903,1960.3,block
2025-09-01,KOTAKBANK,Kotak Mahindra Bank Limit,GOLDMAN SACHS BANK EUROPE SE - ODI,BUY,491903,1960.3,block
2025-09-01,SHRIRAMFIN,Shriram Finance Limited,GOLDMAN SACHS (SINGAPORE) PTE- ODI,SELL,2049453,580.25,block
2025-09-01,SHRIRAMFIN,Shriram Finance Limited,GOLDMAN SACHS BANK EUROPE SE - ODI,BUY,2049453,580.25,block
2025-09-02,AGARWALEYE,Dr Agarwals Health Care L,GOLDMAN SACHS (SINGAPORE) PTE - ODI,SELL,1653725,433.25,block
2025-09-02,AGARWALEYE,Dr Agarwals Health Care L,GOLDMAN SACHS BANK EUROPE SE- ODI,BUY,1653725,433.25,block
2025-09-02,CGCL,Money Matters F S Limited,GOLDMAN SACHS (SINGAPORE) PTE - ODI,SELL,1879131,189.0,block
2025-09-02,CGCL,Money Matters F S Limited,GOLDMAN SACHS BANK EUROPE SE - ODI,BUY,1879131,189.0,block
2025-09-02,CHOLAFIN,Cholamandalam In & Fin Co,GOLDMAN SACHS (SINGAPORE) PTE - ODI,SELL,670924,1453.8,block
2025-09-02,CHOLAFIN,Cholamandalam In & Fin Co,GOLDMAN SACHS BANK EUROPE SE - ODI,BUY,670924,1453.8,block
2025-09-02,ETERNAL,ETERNAL LIMITED,GOLDMAN SACHS (SINGAPORE) PTE - ODI,SELL,6911714,321.1,block
2025-09-02,ETERNAL,ETERNAL LIMITED,GOLDMAN SACHS BANK EUROPE SE - ODI,BUY,6911714,321.1,block
2025-09-02,FIVESTAR,Five-Star Bus Fin Ltd,GOLDMAN SACHS (SINGAPORE) PTE - ODI,SELL,411359,549.2,block
2025-09-02,FIVESTAR,Five-Star Bus Fin Ltd,GOLDMAN SACHS BANK EUROPE SE - ODI,BUY,411359,549.2,block
2025-09-02,GODREJPROP,Godrej Properties Ltd,GOLDMAN SACHS (SINGAPORE) PTE - ODI,SELL,290394,1952.2,block
2025-09-02,GODREJPROP,Godrej Properties Ltd,GOLDMAN SACHS BANK EUROPE SE - ODI,BUY,290394,1952.2,block
2025-09-02,KIMS,Krishna Inst of Med Sci L,GOLDMAN SACHS (SINGAPORE) PTE - ODI,SELL,501458,727.5,block
2025-09-02,KIMS,Krishna Inst of Med Sci L,GOLDMAN SACHS BANK EUROPE SE - ODI,BUY,501458,727.5,block
2025-09-02,LEMONTREE,Lemon Tree Hotels Ltd,GOLDMAN SACHS (SINGAPORE) PTE - ODI,SELL,1550068,170.2,block
2025-09-02,LEMONTREE,Lemon Tree Hotels Ltd,GOLDMAN SACHS BANK EUROPE SE - ODI,BUY,1550068,170.2,block
2025-09-02,VBL,Varun Beverages Limited,GOLDMAN SACHS (SINGAPORE) PTE - ODI,SELL,1894144,495.35,block
