date,symbol,bb_bandwidth
2026-08-08 00:00:00,360ONE,0.114
2026-08-08 00:00:00,3MINDIA,0.0493
2026-08-08 00:00:00,AADHARHFC,0.0877
2026-08-08 00:00:00,AARTIDRUGS,0.0714
2026-08-08 00:00:00,AARTIIND,0.0736
2026-08-08 00:00:00,AARTIPHARM,0.1035
2026-08-08 00:00:00,AAVAS,0.1594
2026-08-08 00:00:00,ABB,0.1386
2026-08-08 00:00:00,ABBOTINDIA,0.0593
2026-08-08 00:00:00,ABCAPITAL,0.1031
2026-08-08 00:00:00,ABDL,0.0757
2026-08-08 00:00:00,ABFRL,0.1574
2026-08-08 00:00:00,ABLBL,0.0591
2026-08-08 00:00:00,ABREL,0.0689
2026-08-08 00:00:00,ABSLAMC,0.2012
2026-08-08 00:00:00,ACC,0.0522
2026-08-08 00:00:00,ACE,0.1963
2026-08-08 00:00:00,ACI,0.1528
2026-08-08 00:00:00,ACMESOLAR,0.1155
2026-08-08 00:00:00,ACUTAAS,0.216
2026-08-08 00:00:00,ADANIENSOL,0.086
2026-08-08 00:00:00,ADANIENT,0.0923
2026-08-08 00:00:00,ADANIGREEN,0.2297
2026-08-08 00:00:00,ADANIPORTS,0.1407
2026-08-08 00:00:00,ADANIPOWER,0.0917
2026-08-08 00:00:00,ADVENZYMES,0.09
2026-08-08 00:00:00,AEGISLOG,0.1562
2026-08-08 00:00:00,AEGISVOPAK,0.1312
2026-08-08 00:00:00,AETHER,0.1443
2026-08-08 00:00:00,AFCONS,0.1057
2026-08-08 00:00:00,AFFLE,0.2002
2026-08-08 00:00:00,AGARWALEYE,0.1522
2026-08-08 00:00:00,AHLUCONT,0.0829
2026-08-08 00:00:00,AIAENG,0.0682
2026-08-08 00:00:00,AIIL,0.1803
2026-08-08 00:00:00,AJANTPHARM,0.0667
2026-08-08 00:00:00,AKUMS,0.0807
2026-08-08 00:00:00,ALIVUS,0.2825
2026-08-08 00:00:00,ALKEM,0.0455
2026-08-08 00:00:00,ALKYLAMINE,0.107
2026-08-08 00:00:00,ALOKINDS,0.0872
2026-08-08 00:00:00,AMBER,0.1215
2026-08-08 00:00:00,AMBUJACEM,0.0523
2026-08-08 00:00:00,ANANDRATHI,0.0471
2026-08-08 00:00:00,ANANTRAJ,0.1267
2026-08-08 00:00:00,ANGELONE,0.2072
2026-08-08 00:00:00,ANTHEM,0.1412
2026-08-08 00:00:00,ANUP,0.1383
2026-08-08 00:00:00,ANURAS,0.0819
2026-08-08 00:00:00,APARINDS,0.2571
2026-08-08 00:00:00,APLAPOLLO,0.124
2026-08-08 00:00:00,APLLTD,0.0729
2026-08-08 00:00:00,APOLLO,0.0843
2026-08-08 00:00:00,APOLLOHOSP,0.03
2026-08-08 00:00:00,APOLLOTYRE,0.0812
2026-08-08 00:00:00,APTUS,0.2263
2026-08-08 00:00:00,ARE&M,0.0988
2026-08-08 00:00:00,ARVIND,0.1082
2026-08-08 00:00:00,ARVINDFASN,0.0919
2026-08-08 00:00:00,ASAHIINDIA,0.0828
2026-08-08 00:00:00,ASHAPURMIN,0.1014
2026-08-08 00:00:00,ASHOKA,0.1112
2026-08-08 00:00:00,ASHOKLEY,0.2347
2026-08-08 00:00:00,ASIANPAINT,0.0712
2026-08-08 00:00:00,ASKAUTOLTD,0.47
2026-08-08 00:00:00,ASTERDM,0.0954
2026-08-08 00:00:00,ASTRAL,0.1216
2026-08-08 00:00:00,ASTRAMICRO,0.1116
2026-08-08 00:00:00,ATGL,0.1604
2026-08-08 00:00:00,ATHERENERG,0.2935
2026-08-08 00:00:00,ATLANTAELE,0.1861
2026-08-08 00:00:00,ATUL,0.2018
2026-08-08 00:00:00,AUBANK,0.115
2026-08-08 00:00:00,AURIONPRO,0.2957
2026-08-08 00:00:00,AUROPHARMA,0.082
2026-08-08 00:00:00,AVALON,0.1523
2026-08-08 00:00:00,AVANTIFEED,0.1977
2026-08-08 00:00:00,AVL,0.0502
2026-08-08 00:00:00,AWFIS,0.1156
2026-08-08 00:00:00,AWL,0.0645
2026-08-08 00:00:00,AXISBANK,0.1152
2026-08-08 00:00:00,AXISCADES,0.0922
2026-08-08 00:00:00,AZAD,0.0998
2026-08-08 00:00:00,BAJAJ-AUTO,0.2061
2026-08-08 00:00:00,BAJAJELEC,0.1791
2026-08-08 00:00:00,BAJAJFINSV,0.1886
2026-08-08 00:00:00,BAJAJHFL,0.047
2026-08-08 00:00:00,BAJAJHLDNG,0.157
2026-08-08 00:00:00,BAJFINANCE,0.1865
2026-08-08 00:00:00,BALAMINES,0.2376
2026-08-08 00:00:00,BALKRISIND,0.3615
2026-08-08 00:00:00,BALRAMCHIN,0.132
2026-08-08 00:00:00,BALUFORGE,0.0961
2026-08-08 00:00:00,BANCOINDIA,0.1523
2026-08-08 00:00:00,BANDHANBNK,0.4316
2026-08-08 00:00:00,BANKBARODA,0.0596
2026-08-08 00:00:00,BANKINDIA,0.0923
2026-08-08 00:00:00,BATAINDIA,0.1052
2026-08-08 00:00:00,BAYERCROP,0.0715
2026-08-08 00:00:00,BBOX,0.2734
2026-08-08 00:00:00,BBTC,0.0411
2026-08-08 00:00:00,BDL,0.0583
2026-08-08 00:00:00,BECTORFOOD,0.3251
2026-08-08 00:00:00,BEL,0.0937
2026-08-08 00:00:00,BELRISE,0.0984
2026-08-08 00:00:00,BEML,0.1236
2026-08-08 00:00:00,BERGEPAINT,0.1497
2026-08-08 00:00:00,BHARATFORG,0.0725
2026-08-08 00:00:00,BHARTIARTL,0.0674
2026-08-08 00:00:00,BHARTIHEXA,0.0845
2026-08-08 00:00:00,BHEL,0.0727
2026-08-08 00:00:00,BIKAJI,0.0472
2026-08-08 00:00:00,BIOCON,0.0686
2026-08-08 00:00:00,BIRLACORPN,0.2023
2026-08-08 00:00:00,BLACKBUCK,0.1276
2026-08-08 00:00:00,BLS,0.1324
2026-08-08 00:00:00,BLUEDART,0.1436
2026-08-08 00:00:00,BLUEJET,0.097
2026-08-08 00:00:00,BLUESTARCO,0.1356
2026-08-08 00:00:00,BLUESTONE,0.5082
2026-08-08 00:00:00,BORORENEW,0.1933
2026-08-08 00:00:00,BOSCHLTD,0.0654
2026-08-08 00:00:00,BPCL,0.082
2026-08-08 00:00:00,BRIGADE,0.1187
2026-08-08 00:00:00,BRITANNIA,0.0718
2026-08-08 00:00:00,BSE,0.1162
2026-08-08 00:00:00,BSOFT,0.2022
2026-08-08 00:00:00,CAMPUS,0.083
2026-08-08 00:00:00,CAMS,0.0961
2026-08-08 00:00:00,CANBK,0.0712
2026-08-08 00:00:00,CANFINHOME,0.1932
2026-08-08 00:00:00,CAPLIPOINT,0.0935
2026-08-08 00:00:00,CARBORUNIV,0.0515
2026-08-08 00:00:00,CARTRADE,0.1178
2026-08-08 00:00:00,CASTROLIND,0.0648
2026-08-08 00:00:00,CCAVENUE,0.1454
2026-08-08 00:00:00,CCL,0.1115
2026-08-08 00:00:00,CDSL,0.113
2026-08-08 00:00:00,CEATLTD,0.2108
2026-08-08 00:00:00,CELLO,0.1794
2026-08-08 00:00:00,CEMPRO,0.398
2026-08-08 00:00:00,CENTRALBK,0.0772
2026-08-08 00:00:00,CENTURYPLY,0.0478
2026-08-08 00:00:00,CERA,0.0617
2026-08-08 00:00:00,CESC,0.0406
2026-08-08 00:00:00,CGCL,0.2032
2026-08-08 00:00:00,CGPOWER,0.1443
2026-08-08 00:00:00,CHALET,0.0941
2026-08-08 00:00:00,CHAMBLFERT,0.0834
2026-08-08 00:00:00,CHENNPETRO,0.2075
2026-08-08 00:00:00,CHOICEIN,0.0625
2026-08-08 00:00:00,CHOLAFIN,0.1343
2026-08-08 00:00:00,CHOLAHLDNG,0.1158
2026-08-08 00:00:00,CIEINDIA,0.2634
2026-08-08 00:00:00,CIPLA,0.0703
2026-08-08 00:00:00,CLEAN,0.1132
2026-08-08 00:00:00,CMSINFO,0.06
2026-08-08 00:00:00,COALINDIA,0.0588
2026-08-08 00:00:00,COCHINSHIP,0.099
2026-08-08 00:00:00,COFORGE,0.3187
2026-08-08 00:00:00,COHANCE,0.0912
2026-08-08 00:00:00,COLPAL,0.0945
2026-08-08 00:00:00,CONCOR,0.1514
2026-08-08 00:00:00,CONCORDBIO,0.1619
2026-08-08 00:00:00,COROMANDEL,0.0675
2026-08-08 00:00:00,CPPLUS,0.1458
2026-08-08 00:00:00,CRAFTSMAN,0.2111
2026-08-08 00:00:00,CREDITACC,0.1137
2026-08-08 00:00:00,CRISIL,0.1407
2026-08-08 00:00:00,CRIZAC,0.0937
2026-08-08 00:00:00,CROMPTON,0.1007
2026-08-08 00:00:00,CSBBANK,0.1983
2026-08-08 00:00:00,CUB,0.1624
2026-08-08 00:00:00,CUMMINSIND,0.055
2026-08-08 00:00:00,CUPID,0.3104
2026-08-08 00:00:00,CYIENT,0.057
2026-08-08 00:00:00,DABUR,0.0657
2026-08-08 00:00:00,DALBHARAT,0.0628
2026-08-08 00:00:00,DATAMATICS,0.0904
2026-08-08 00:00:00,DATAPATTNS,0.1819
2026-08-08 00:00:00,DBL,0.2047
2026-08-08 00:00:00,DBREALTY,0.1022
2026-08-08 00:00:00,DCBBANK,0.0553
2026-08-08 00:00:00,DCMSHRIRAM,0.0548
2026-08-08 00:00:00,DEEPAKFERT,0.0912
2026-08-08 00:00:00,DEEPAKNTR,0.0961
2026-08-08 00:00:00,DELHIVERY,0.1281
2026-08-08 00:00:00,DEVYANI,0.2185
2026-08-08 00:00:00,DIACABS,0.6572
2026-08-08 00:00:00,DIVISLAB,0.2704
2026-08-08 00:00:00,DIXON,0.0922
2026-08-08 00:00:00,DLF,0.0728
2026-08-08 00:00:00,DMART,0.0593
2026-08-08 00:00:00,DOMS,0.0502
2026-08-08 00:00:00,DRREDDY,0.117
2026-08-08 00:00:00,DYNAMATECH,0.1391
2026-08-08 00:00:00,ECLERX,0.1923
2026-08-08 00:00:00,EDELWEISS,0.0837
2026-08-08 00:00:00,EICHERMOT,0.1381
2026-08-08 00:00:00,EIDPARRY,0.1001
2026-08-08 00:00:00,EIEL,0.1109
2026-08-08 00:00:00,EIHOTEL,0.0899
2026-08-08 00:00:00,ELECON,0.2216
2026-08-08 00:00:00,ELECTCAST,0.1142
2026-08-08 00:00:00,ELGIEQUIP,0.0607
2026-08-08 00:00:00,ELLEN,0.1506
2026-08-08 00:00:00,EMAMILTD,0.0773
2026-08-08 00:00:00,EMBDL,0.102
2026-08-08 00:00:00,EMCURE,0.1397
2026-08-08 00:00:00,EMIL,0.2851
2026-08-08 00:00:00,ENDURANCE,0.108
2026-08-08 00:00:00,ENGINERSIN,0.1087
2026-08-08 00:00:00,ENRIN,0.1465
2026-08-08 00:00:00,ENTERO,0.0743
2026-08-08 00:00:00,EPL,0.0862
2026-08-08 00:00:00,EQUITASBNK,0.1388
2026-08-08 00:00:00,ERIS,0.1137
2026-08-08 00:00:00,ESCORTS,0.0976
2026-08-08 00:00:00,ETERNAL,0.1709
2026-08-08 00:00:00,ETHOSLTD,0.1793
2026-08-08 00:00:00,EUREKAFORB,0.0998
2026-08-08 00:00:00,EXIDEIND,0.1728
2026-08-08 00:00:00,FACT,0.069
2026-08-08 00:00:00,FEDERALBNK,0.1415
2026-08-08 00:00:00,FEDFINA,0.1095
2026-08-08 00:00:00,FIEMIND,0.1696
2026-08-08 00:00:00,FINCABLES,0.098
2026-08-08 00:00:00,FINPIPE,0.0596
2026-08-08 00:00:00,FIRSTCRY,0.0475
2026-08-08 00:00:00,FIVESTAR,0.0732
2026-08-08 00:00:00,FLUOROCHEM,0.2092
2026-08-08 00:00:00,FORCEMOT,0.1105
2026-08-08 00:00:00,FORTIS,0.0589
2026-08-08 00:00:00,FSL,0.3727
2026-08-08 00:00:00,GABRIEL,0.2509
2026-08-08 00:00:00,GAEL,0.3458
2026-08-08 00:00:00,GAIL,0.0569
2026-08-08 00:00:00,GALLANTT,0.3349
2026-08-08 00:00:00,GARFIBRES,0.1493
2026-08-08 00:00:00,GESHIP,0.0876
2026-08-08 00:00:00,GHCL,0.041
2026-08-08 00:00:00,GICRE,0.034
2026-08-08 00:00:00,GILLETTE,0.047
2026-08-08 00:00:00,GLAND,0.1106
2026-08-08 00:00:00,GLAXO,0.1157
2026-08-08 00:00:00,GLENMARK,0.0705
2026-08-08 00:00:00,GMDCLTD,0.0954
2026-08-08 00:00:00,GMMPFAUDLR,0.281
2026-08-08 00:00:00,GMRAIRPORT,0.1084
2026-08-08 00:00:00,GMRP&UI,0.058
2026-08-08 00:00:00,GNFC,0.1091
2026-08-08 00:00:00,GODFRYPHLP,0.1761
2026-08-08 00:00:00,GODIGIT,0.261
2026-08-08 00:00:00,GODREJAGRO,0.049
2026-08-08 00:00:00,GODREJCP,0.0347
2026-08-08 00:00:00,GODREJIND,0.0797
2026-08-08 00:00:00,GODREJPROP,0.0741
2026-08-08 00:00:00,GOKEX,0.0897
2026-08-08 00:00:00,GOKULAGRO,0.1436
2026-08-08 00:00:00,GPIL,0.0775
2026-08-08 00:00:00,GPPL,0.0472
2026-08-08 00:00:00,GRANULES,0.1186
2026-08-08 00:00:00,GRAPHITE,0.1959
2026-08-08 00:00:00,GRASIM,0.0844
2026-08-08 00:00:00,GRAVITA,0.1968
2026-08-08 00:00:00,GREAVESCOT,0.3453
2026-08-08 00:00:00,GRINDWELL,0.1586
2026-08-08 00:00:00,GRSE,0.0508
2026-08-08 00:00:00,GRWRHITECH,0.1011
2026-08-08 00:00:00,GSFC,0.0546
2026-08-08 00:00:00,GVT&D,0.1442
2026-08-08 00:00:00,HAL,0.1144
2026-08-08 00:00:00,HAPPSTMNDS,0.124
2026-08-08 00:00:00,HAVELLS,0.1371
2026-08-08 00:00:00,HBLENGINE,0.1075
2026-08-08 00:00:00,HCC,0.1532
2026-08-08 00:00:00,HCG,0.0582
2026-08-08 00:00:00,HCLTECH,0.2358
2026-08-08 00:00:00,HDBFS,0.1714
2026-08-08 00:00:00,HDFCAMC,0.1056
2026-08-08 00:00:00,HDFCBANK,0.1663
2026-08-08 00:00:00,HDFCLIFE,0.0723
2026-08-08 00:00:00,HEG,0.261
2026-08-08 00:00:00,HEMIPROP,0.0599
2026-08-08 00:00:00,HERITGFOOD,0.1124
2026-08-08 00:00:00,HEROMOTOCO,0.2391
2026-08-08 00:00:00,HEXT,0.1167
2026-08-08 00:00:00,HFCL,0.2225
2026-08-08 00:00:00,HGINFRA,0.0697
2026-08-08 00:00:00,HINDALCO,0.146
2026-08-08 00:00:00,HINDCOPPER,0.1592
2026-08-08 00:00:00,HINDPETRO,0.0651
2026-08-08 00:00:00,HINDUNILVR,0.0658
2026-08-08 00:00:00,HINDZINC,0.186
2026-08-08 00:00:00,HOMEFIRST,0.1175
2026-08-08 00:00:00,HONASA,0.0878
2026-08-08 00:00:00,HONAUT,0.0737
2026-08-08 00:00:00,HSCL,0.2019
2026-08-08 00:00:00,HUDCO,0.086
2026-08-08 00:00:00,HYUNDAI,0.2197
2026-08-08 00:00:00,ICICIBANK,0.0549
2026-08-08 00:00:00,ICICIGI,0.1501
2026-08-08 00:00:00,ICICIPRULI,0.0655
2026-08-08 00:00:00,ICIL,0.102
2026-08-08 00:00:00,IDBI,0.0455
2026-08-08 00:00:00,IDEA,0.1276
2026-08-08 00:00:00,IDFCFIRSTB,0.1258
2026-08-08 00:00:00,IEX,0.1512
2026-08-08 00:00:00,IFBIND,0.132
2026-08-08 00:00:00,IFCI,0.1305
2026-08-08 00:00:00,IGIL,0.1144
2026-08-08 00:00:00,IGL,0.0463
2026-08-08 00:00:00,IIFL,0.1753
2026-08-08 00:00:00,IIFLCAPS,0.0249
2026-08-08 00:00:00,IKS,0.1085
2026-08-08 00:00:00,IMFA,0.1714
2026-08-08 00:00:00,INDGN,0.1632
2026-08-08 00:00:00,INDHOTEL,0.0454
2026-08-08 00:00:00,INDIACEM,0.0899
2026-08-08 00:00:00,INDIAGLYCO,0.0752
2026-08-08 00:00:00,INDIAMART,0.178
2026-08-08 00:00:00,INDIANB,0.0861
2026-08-08 00:00:00,INDIASHLTR,0.235
2026-08-08 00:00:00,INDIGO,0.086
2026-08-08 00:00:00,INDIGOPNTS,0.0906
2026-08-08 00:00:00,INDUSINDBK,0.0769
2026-08-08 00:00:00,INDUSTOWER,0.089
2026-08-08 00:00:00,INFY,0.1677
2026-08-08 00:00:00,INOXGREEN,0.1825
2026-08-08 00:00:00,INOXINDIA,0.1256
2026-08-08 00:00:00,INOXWIND,0.0761
2026-08-08 00:00:00,INTELLECT,0.0911
2026-08-08 00:00:00,IOB,0.0525
2026-08-08 00:00:00,IOC,0.0507
2026-08-08 00:00:00,IONEXCHANG,0.1738
2026-08-08 00:00:00,IPCALAB,0.1252
2026-08-08 00:00:00,IRB,0.0506
2026-08-08 00:00:00,IRCON,0.08
2026-08-08 00:00:00,IRCTC,0.0766
2026-08-08 00:00:00,IREDA,0.0422
2026-08-08 00:00:00,IRFC,0.0384
2026-08-08 00:00:00,ITC,0.0516
2026-08-08 00:00:00,ITCHOTELS,0.186
2026-08-08 00:00:00,ITI,0.0695
2026-08-08 00:00:00,IXIGO,0.1639
2026-08-08 00:00:00,J&KBANK,0.2793
2026-08-08 00:00:00,JAIBALAJI,0.1553
2026-08-08 00:00:00,JAINREC,0.1281
2026-08-08 00:00:00,JAMNAAUTO,0.1468
2026-08-08 00:00:00,JAYNECOIND,0.135
2026-08-08 00:00:00,JBMA,0.0699
2026-08-08 00:00:00,JINDALSAW,0.0882
2026-08-08 00:00:00,JINDALSTEL,0.1268
2026-08-08 00:00:00,JIOFIN,0.1845
2026-08-08 00:00:00,JKCEMENT,0.0943
2026-08-08 00:00:00,JKLAKSHMI,0.0457
2026-08-08 00:00:00,JKPAPER,0.125
2026-08-08 00:00:00,JKTYRE,0.0947
2026-08-08 00:00:00,JLHL,0.1402
2026-08-08 00:00:00,JMFINANCIL,0.0724
2026-08-08 00:00:00,JPPOWER,0.1609
2026-08-08 00:00:00,JSFB,0.2421
2026-08-08 00:00:00,JSL,0.053
2026-08-08 00:00:00,JSLL,0.0883
2026-08-08 00:00:00,JSWCEMENT,0.1051
2026-08-08 00:00:00,JSWDULUX,0.0719
2026-08-08 00:00:00,JSWENERGY,0.0674
2026-08-08 00:00:00,JSWINFRA,0.1384
2026-08-08 00:00:00,JSWSTEEL,0.0928
2026-08-08 00:00:00,JUBLFOOD,0.2161
2026-08-08 00:00:00,JUBLINGREA,0.0624
2026-08-08 00:00:00,JUBLPHARMA,0.1352
2026-08-08 00:00:00,JUSTDIAL,0.205
2026-08-08 00:00:00,JWL,0.0949
2026-08-08 00:00:00,JYOTHYLAB,0.0523
2026-08-08 00:00:00,JYOTICNC,0.1322
2026-08-08 00:00:00,KAJARIACER,0.0744
2026-08-08 00:00:00,KALYANKJIL,0.2196
2026-08-08 00:00:00,KANSAINER,0.1021
2026-08-08 00:00:00,KARURVYSYA,0.2152
2026-08-08 00:00:00,KAYNES,0.3071
2026-08-08 00:00:00,KEC,0.0998
2026-08-08 00:00:00,KEI,0.2103
2026-08-08 00:00:00,KFINTECH,0.1528
2026-08-08 00:00:00,KIMS,0.0465
2026-08-08 00:00:00,KIRLOSBROS,0.0884
2026-08-08 00:00:00,KIRLOSENG,0.1552
2026-08-08 00:00:00,KIRLPNU,0.3223
2026-08-08 00:00:00,KITEX,0.0761
2026-08-08 00:00:00,KNRCON,0.1922
2026-08-08 00:00:00,KOTAKBANK,0.0699
2026-08-08 00:00:00,KPIGREEN,0.1307
2026-08-08 00:00:00,KPIL,0.062
2026-08-08 00:00:00,KPITTECH,0.2117
2026-08-08 00:00:00,KPRMILL,0.1241
2026-08-08 00:00:00,KRBL,0.1179
2026-08-08 00:00:00,KRN,0.1083
2026-08-08 00:00:00,KSB,0.2088
2026-08-08 00:00:00,KSCL,0.1632
2026-08-08 00:00:00,KTKBANK,0.156
2026-08-08 00:00:00,LALPATHLAB,0.2097
2026-08-08 00:00:00,LATENTVIEW,0.0965
2026-08-08 00:00:00,LAURUSLABS,0.2982
2026-08-08 00:00:00,LEMONTREE,0.0817
2026-08-08 00:00:00,LICHSGFIN,0.1285
2026-08-08 00:00:00,LICI,0.1581
2026-08-08 00:00:00,LINDEINDIA,0.1086
2026-08-08 00:00:00,LLOYDSENGG,0.1077
2026-08-08 00:00:00,LLOYDSENT,0.0816
2026-08-08 00:00:00,LLOYDSME,0.1894
2026-08-08 00:00:00,LODHA,0.168
2026-08-08 00:00:00,LOTUSDEV,0.5492
2026-08-08 00:00:00,LT,0.1036
2026-08-08 00:00:00,LTF,0.0727
2026-08-08 00:00:00,LTFOODS,0.1882
2026-08-08 00:00:00,LTM,0.2244
2026-08-08 00:00:00,LTTS,0.1264
2026-08-08 00:00:00,LUMAXTECH,0.2482
2026-08-08 00:00:00,LUPIN,0.0698
2026-08-08 00:00:00,LXCHEM,0.2097
2026-08-08 00:00:00,M&M,0.1603
2026-08-08 00:00:00,M&MFIN,0.3412
2026-08-08 00:00:00,MAHABANK,0.058
2026-08-08 00:00:00,MAHSCOOTER,0.1445
2026-08-08 00:00:00,MAHSEAMLES,0.0531
2026-08-08 00:00:00,MANAPPURAM,0.1847
2026-08-08 00:00:00,MANKIND,0.0902
2026-08-08 00:00:00,MANORAMA,0.0607
2026-08-08 00:00:00,MANYAVAR,0.3747
2026-08-08 00:00:00,MAPMYINDIA,0.1989
2026-08-08 00:00:00,MARICO,0.07
2026-08-08 00:00:00,MARKSANS,0.1498
2026-08-08 00:00:00,MARUTI,0.0843
2026-08-08 00:00:00,MASTEK,0.1755
2026-08-08 00:00:00,MAXHEALTH,0.0543
2026-08-08 00:00:00,MAZDOCK,0.1084
2026-08-08 00:00:00,MCX,0.1204
2026-08-08 00:00:00,MEDANTA,0.1367
2026-08-08 00:00:00,MEDPLUS,0.2801
2026-08-08 00:00:00,METROPOLIS,0.0836
2026-08-08 00:00:00,MFSL,0.1037
2026-08-08 00:00:00,MGL,0.0693
2026-08-08 00:00:00,MIDHANI,0.1261
2026-08-08 00:00:00,MINDACORP,0.1198
2026-08-08 00:00:00,MMTC,0.088
2026-08-08 00:00:00,MOIL,0.092
2026-08-08 00:00:00,MOTHERSON,0.1712
2026-08-08 00:00:00,MOTILALOFS,0.2299
2026-08-08 00:00:00,MPHASIS,0.1019
2026-08-08 00:00:00,MRF,0.0412
2026-08-08 00:00:00,MRPL,0.1413
2026-08-08 00:00:00,MSTCLTD,0.1362
2026-08-08 00:00:00,MSUMI,0.0707
2026-08-08 00:00:00,MTARTECH,0.3531
2026-08-08 00:00:00,MUTHOOTFIN,0.0918
2026-08-08 00:00:00,NAM-INDIA,0.103
2026-08-08 00:00:00,NATCOPHARM,0.093
2026-08-08 00:00:00,NATIONALUM,0.175
2026-08-08 00:00:00,NAUKRI,0.1058
2026-08-08 00:00:00,NAVA,0.1142
2026-08-08 00:00:00,NAVINFLUOR,0.1487
2026-08-08 00:00:00,NAZARA,0.2476
2026-08-08 00:00:00,NBCC,0.0831
2026-08-08 00:00:00,NCC,0.0751
2026-08-08 00:00:00,NEOGEN,0.1679
2026-08-08 00:00:00,NESCO,0.0749
2026-08-08 00:00:00,NESTLEIND,0.1173
2026-08-08 00:00:00,NETWEB,0.2184
2026-08-08 00:00:00,NETWORK18,0.1409
2026-08-08 00:00:00,NEULANDLAB,0.226
2026-08-08 00:00:00,NEWGEN,0.1499
2026-08-08 00:00:00,NFL,0.0563
2026-08-08 00:00:00,NH,0.1269
2026-08-08 00:00:00,NHPC,0.0537
2026-08-08 00:00:00,NIACL,0.1332
2026-08-08 00:00:00,NIVABUPA,0.0435
2026-08-08 00:00:00,NLCINDIA,0.0658
2026-08-08 00:00:00,NMDC,0.0453
2026-08-08 00:00:00,NSLNISP,0.0831
2026-08-08 00:00:00,NTPC,0.0369
2026-08-08 00:00:00,NTPCGREEN,0.0834
2026-08-08 00:00:00,NUVAMA,0.2198
2026-08-08 00:00:00,NUVOCO,0.1303
2026-08-08 00:00:00,NYKAA,0.0737
2026-08-08 00:00:00,OBEROIRLTY,0.0949
2026-08-08 00:00:00,OFSS,0.1238
2026-08-08 00:00:00,OIL,0.0754
2026-08-08 00:00:00,OLAELEC,0.158
2026-08-08 00:00:00,OLECTRA,0.0863
2026-08-08 00:00:00,ONESOURCE,0.1457
2026-08-08 00:00:00,ONGC,0.0813
2026-08-08 00:00:00,OPTIEMUS,0.1685
2026-08-08 00:00:00,ORIENTCEM,0.0487
2026-08-08 00:00:00,OSWALPUMPS,0.3581
2026-08-08 00:00:00,PAGEIND,0.0304
2026-08-08 00:00:00,PARADEEP,0.1617
2026-08-08 00:00:00,PARAS,0.1373
2026-08-08 00:00:00,PATANJALI,0.2274
2026-08-08 00:00:00,PAYTM,0.1672
2026-08-08 00:00:00,PCBL,0.1292
2026-08-08 00:00:00,PCJEWELLER,0.1635
2026-08-08 00:00:00,PERSISTENT,0.1511
2026-08-08 00:00:00,PETRONET,0.0542
2026-08-08 00:00:00,PFC,0.0818
2026-08-08 00:00:00,PFIZER,0.1044
2026-08-08 00:00:00,PFOCUS,0.1435
2026-08-08 00:00:00,PGEL,0.114
2026-08-08 00:00:00,PGIL,0.2129
2026-08-08 00:00:00,PHOENIXLTD,0.1776
2026-08-08 00:00:00,PICCADIL,0.0891
2026-08-08 00:00:00,PIDILITIND,0.1072
2026-08-08 00:00:00,PIIND,0.1181
2026-08-08 00:00:00,PNB,0.1158
2026-08-08 00:00:00,PNBHOUSING,0.1161
2026-08-08 00:00:00,PNCINFRA,0.1134
2026-08-08 00:00:00,PNGJL,0.2117
2026-08-08 00:00:00,POLICYBZR,0.0767
2026-08-08 00:00:00,POLYCAB,0.0801
2026-08-08 00:00:00,POLYMED,0.0674
2026-08-08 00:00:00,POONAWALLA,0.0697
2026-08-08 00:00:00,POWERGRID,0.0731
2026-08-08 00:00:00,POWERINDIA,0.0882
2026-08-08 00:00:00,POWERMECH,0.068
2026-08-08 00:00:00,PPLPHARMA,0.27
2026-08-08 00:00:00,PRAJIND,0.2074
2026-08-08 00:00:00,PREMIERENE,0.1332
2026-08-08 00:00:00,PRESTIGE,0.1115
2026-08-08 00:00:00,PRICOLLTD,0.3478
2026-08-08 00:00:00,PRIVISCL,0.0442
2026-08-08 00:00:00,PRSMJOHNSN,0.0877
2026-08-08 00:00:00,PRUDENT,0.2623
2026-08-08 00:00:00,PTC,0.2682
2026-08-08 00:00:00,PTCIL,0.0738
2026-08-08 00:00:00,PURVA,0.1907
2026-08-08 00:00:00,PVRINOX,0.2604
2026-08-08 00:00:00,QPOWER,0.138
2026-08-08 00:00:00,QUESS,0.1925
2026-08-08 00:00:00,RADICO,0.1701
2026-08-08 00:00:00,RAILTEL,0.0911
2026-08-08 00:00:00,RAIN,0.1925
2026-08-08 00:00:00,RAINBOW,0.1087
2026-08-08 00:00:00,RALLIS,0.1532
2026-08-08 00:00:00,RAMCOCEM,0.0493
2026-08-08 00:00:00,RATEGAIN,0.1314
2026-08-08 00:00:00,RATNAMANI,0.1935
2026-08-08 00:00:00,RAYMONDLSL,0.075
2026-08-08 00:00:00,RBA,0.5169
2026-08-08 00:00:00,RBLBANK,0.1248
2026-08-08 00:00:00,RCF,0.0528
2026-08-08 00:00:00,RECLTD,0.0962
2026-08-08 00:00:00,REDINGTON,0.4616
2026-08-08 00:00:00,REDTAPE,0.1172
2026-08-08 00:00:00,REFEX,0.1607
2026-08-08 00:00:00,RELAXO,0.175
2026-08-08 00:00:00,RELIANCE,0.061
2026-08-08 00:00:00,RELIGARE,0.1186
2026-08-08 00:00:00,RENUKA,0.0678
2026-08-08 00:00:00,RHIM,0.0782
2026-08-08 00:00:00,RITES,0.1059
2026-08-08 00:00:00,RKFORGE,0.3614
2026-08-08 00:00:00,ROSSTECH,0.2115
2026-08-08 00:00:00,ROUTE,0.1327
2026-08-08 00:00:00,RPOWER,0.0752
2026-08-08 00:00:00,RRKABEL,0.2566
2026-08-08 00:00:00,RTNINDIA,0.0766
2026-08-08 00:00:00,RTNPOWER,0.0694
2026-08-08 00:00:00,RVNL,0.0681
2026-08-08 00:00:00,SAATVIKGL,0.1397
2026-08-08 00:00:00,SAFARI,0.1469
2026-08-08 00:00:00,SAGILITY,0.1365
2026-08-08 00:00:00,SAIL,0.1233
2026-08-08 00:00:00,SAILIFE,0.1519
2026-08-08 00:00:00,SAMHI,0.1486
2026-08-08 00:00:00,SAMMAANCAP,0.0518
2026-08-08 00:00:00,SANDUMA,0.1472
2026-08-08 00:00:00,SANOFICONR,0.0589
2026-08-08 00:00:00,SANSERA,0.2484
2026-08-08 00:00:00,SAPPHIRE,0.229
2026-08-08 00:00:00,SARDAEN,0.0663
2026-08-08 00:00:00,SAREGAMA,0.1559
2026-08-08 00:00:00,SBFC,0.0688
2026-08-08 00:00:00,SBICARD,0.0947
2026-08-08 00:00:00,SBILIFE,0.0621
2026-08-08 00:00:00,SBIN,0.0901
2026-08-08 00:00:00,SCHAEFFLER,0.0495
2026-08-08 00:00:00,SCHNEIDER,0.0764
2026-08-08 00:00:00,SCI,0.1576
2026-08-08 00:00:00,SENCO,0.1696
2026-08-08 00:00:00,SFL,0.1658
2026-08-08 00:00:00,SHAILY,0.2442
2026-08-08 00:00:00,SHAKTIPUMP,0.1234
2026-08-08 00:00:00,SHARDACROP,0.1618
2026-08-08 00:00:00,SHAREINDIA,0.155
2026-08-08 00:00:00,SHILPAMED,0.2881
2026-08-08 00:00:00,SHREECEM,0.0509
2026-08-08 00:00:00,SHRIPISTON,0.1053
2026-08-08 00:00:00,SHRIRAMFIN,0.1418
2026-08-08 00:00:00,SHYAMMETL,0.0455
2026-08-08 00:00:00,SIEMENS,0.1701
2026-08-08 00:00:00,SIGMAADV,0.4387
2026-08-08 00:00:00,SIGNATURE,0.1059
2026-08-08 00:00:00,SJVN,0.0517
2026-08-08 00:00:00,SKFINDIA,0.085
2026-08-08 00:00:00,SKIPPER,0.1058
2026-08-08 00:00:00,SKYGOLD,0.166
2026-08-08 00:00:00,SMARTWORKS,0.0868
2026-08-08 00:00:00,SMLMAH,0.6792
2026-08-08 00:00:00,SOBHA,0.1734
2026-08-08 00:00:00,SOLARINDS,0.0605
2026-08-08 00:00:00,SONACOMS,0.2569
2026-08-08 00:00:00,SONATSOFTW,0.2342
2026-08-08 00:00:00,SOUTHBANK,0.0778
2026-08-08 00:00:00,SPARC,0.3008
2026-08-08 00:00:00,SPLPETRO,0.096
2026-08-08 00:00:00,SRF,0.1638
2026-08-08 00:00:00,STAR,0.1072
2026-08-08 00:00:00,STARCEMENT,0.0395
2026-08-08 00:00:00,STARHEALTH,0.0724
2026-08-08 00:00:00,STLTECH,0.2955
2026-08-08 00:00:00,STYL,0.2225
2026-08-08 00:00:00,STYRENIX,0.1684
2026-08-08 00:00:00,SUBROS,0.0897
2026-08-08 00:00:00,SUDARSCHEM,0.1244
2026-08-08 00:00:00,SUMICHEM,0.0969
2026-08-08 00:00:00,SUNDARMFIN,0.1161
2026-08-08 00:00:00,SUNPHARMA,0.0419
2026-08-08 00:00:00,SUNTECK,0.0969
2026-08-08 00:00:00,SUNTV,0.0656
2026-08-08 00:00:00,SUPREMEIND,0.0592
2026-08-08 00:00:00,SUPRIYA,0.1246
2026-08-08 00:00:00,SURYAROSNI,0.0919
2026-08-08 00:00:00,SUZLON,0.1931
2026-08-08 00:00:00,SWANCORP,0.0474
2026-08-08 00:00:00,SWIGGY,0.1874
2026-08-08 00:00:00,SWSOLAR,0.2295
2026-08-08 00:00:00,SYNGENE,0.0876
2026-08-08 00:00:00,SYRMA,0.1283
2026-08-08 00:00:00,TANLA,0.1437
2026-08-08 00:00:00,TARC,0.2306
2026-08-08 00:00:00,TARIL,0.2463
2026-08-08 00:00:00,TATACHEM,0.083
2026-08-08 00:00:00,TATACOMM,0.0849
2026-08-08 00:00:00,TATACONSUM,0.0313
2026-08-08 00:00:00,TATAELXSI,0.1423
2026-08-08 00:00:00,TATAINVEST,0.1011
2026-08-08 00:00:00,TATAPOWER,0.0324
2026-08-08 00:00:00,TATASTEEL,0.0585
2026-08-08 00:00:00,TATATECH,0.198
2026-08-08 00:00:00,TBOTEK,0.193
2026-08-08 00:00:00,TCS,0.186
2026-08-08 00:00:00,TDPOWERSYS,0.1785
2026-08-08 00:00:00,TECHM,0.1487
2026-08-08 00:00:00,TECHNOE,0.1086
2026-08-08 00:00:00,TEGA,0.1603
2026-08-08 00:00:00,TEJASNET,0.1423
2026-08-08 00:00:00,TEXRAIL,0.1167
2026-08-08 00:00:00,THANGAMAYL,0.5164
2026-08-08 00:00:00,THELEELA,0.111
2026-08-08 00:00:00,THERMAX,0.2355
2026-08-08 00:00:00,THOMASCOOK,0.1099
2026-08-08 00:00:00,THYROCARE,0.2083
2026-08-08 00:00:00,TI,0.1764
2026-08-08 00:00:00,TIINDIA,0.108
2026-08-08 00:00:00,TIMETECHNO,0.1657
2026-08-08 00:00:00,TIMKEN,0.109
2026-08-08 00:00:00,TIPSMUSIC,0.1441
2026-08-08 00:00:00,TITAGARH,0.1013
2026-08-08 00:00:00,TITAN,0.1208
2026-08-08 00:00:00,TMB,0.1666
2026-08-08 00:00:00,TMPV,0.1032
2026-08-08 00:00:00,TORNTPHARM,0.0655
2026-08-08 00:00:00,TORNTPOWER,0.1192
2026-08-08 00:00:00,TRANSRAILL,0.0762
2026-08-08 00:00:00,TRAVELFOOD,0.1153
2026-08-08 00:00:00,TRENT,0.1222
2026-08-08 00:00:00,TRIDENT,0.0419
2026-08-08 00:00:00,TRITURBINE,0.0737
2026-08-08 00:00:00,TRIVENI,1.4227
2026-08-08 00:00:00,TSFINV,0.1493
2026-08-08 00:00:00,TTML,0.0564
2026-08-08 00:00:00,TVSMOTOR,0.3232
2026-08-08 00:00:00,TVSSCS,0.0598
2026-08-08 00:00:00,UBL,0.1074
2026-08-08 00:00:00,UCOBANK,0.0437
2026-08-08 00:00:00,UJJIVANSFB,0.1549
2026-08-08 00:00:00,ULTRACEMCO,0.0874
2026-08-08 00:00:00,UNIONBANK,0.1004
2026-08-08 00:00:00,UNITDSPR,0.1784
2026-08-08 00:00:00,UNOMINDA,0.1622
2026-08-08 00:00:00,UPL,0.1025
2026-08-08 00:00:00,URBANCO,0.1636
2026-08-08 00:00:00,USHAMART,0.0619
2026-08-08 00:00:00,UTIAMC,0.1277
2026-08-08 00:00:00,V2RETAIL,0.0424
2026-08-08 00:00:00,VAIBHAVGBL,0.1291
2026-08-08 00:00:00,VARROC,0.2404
2026-08-08 00:00:00,VBL,0.1073
2026-08-08 00:00:00,VEDL,0.0943
2026-08-08 00:00:00,VGUARD,0.1321
2026-08-08 00:00:00,VIJAYA,0.0825
2026-08-08 00:00:00,VIKRAMSOLR,0.1764
2026-08-08 00:00:00,VIPIND,0.0961
2026-08-08 00:00:00,VIYASH,0.163
2026-08-08 00:00:00,VMART,0.1451
2026-08-08 00:00:00,VMM,0.0863
2026-08-08 00:00:00,VOLTAMP,0.1353
2026-08-08 00:00:00,VOLTAS,0.0838
2026-08-08 00:00:00,VTL,0.1214
2026-08-08 00:00:00,WAAREEENER,0.1048
2026-08-08 00:00:00,WAAREERTL,0.1908
2026-08-08 00:00:00,WABAG,0.1678
2026-08-08 00:00:00,WEBELSOLAR,0.1044
2026-08-08 00:00:00,WELCORP,0.1785
2026-08-08 00:00:00,WELENT,0.1084
2026-08-08 00:00:00,WELSPUNLIV,0.1008
2026-08-08 00:00:00,WESTLIFE,0.3487
2026-08-08 00:00:00,WHIRLPOOL,0.1059
2026-08-08 00:00:00,WIPRO,0.1332
2026-08-08 00:00:00,WOCKPHARMA,0.1308
2026-08-08 00:00:00,YATHARTH,0.0661
2026-08-08 00:00:00,YESBANK,0.0657
2026-08-08 00:00:00,ZAGGLE,0.0823
2026-08-08 00:00:00,ZEEL,0.2265
2026-08-08 00:00:00,ZENSARTECH,0.0948
2026-08-08 00:00:00,ZENTEC,0.172
2026-08-08 00:00:00,ZFCVINDIA,0.1675
2026-08-08 00:00:00,ZYDUSLIFE,0.0568
2026-08-08 00:00:00,ZYDUSWELL,0.1543
